<?xml version="1.0" encoding="UTF-8"?>
<!-- Created with BasicAirData GPS Logger for Android - ver. 3.3.0 -->
<!-- Track 3 = 2245 TrackPoints + 0 Placemarks -->

<!-- Track Statistics (based on Total Time | Time in Movement): -->
<!--  Distance = 2.07 km -->
<!--  Duration = 37:27 | 24:21 -->
<!--  Altitude Gap = -9 m -->
<!--  Max Speed = 18 km/h -->
<!--  Avg Speed = 3.3 | 5.1 km/h -->
<!--  Direction = WNW -->
<!--  Activity = walking -->
<!--  Altitudes = Raw -->

<gpx version="1.0"
     creator="BasicAirData GPS Logger 3.3.0"
     xmlns="http://www.topografix.com/GPX/1/0"
     xmlns:xsi="http://www.w3.org/2001/XMLSchema-instance"
     xsi:schemaLocation="http://www.topografix.com/GPX/1/0 http://www.topografix.com/GPX/1/0/gpx.xsd">
<name>GPS Logger 20260820-130018</name>
<time>2026-08-20T11:45:23Z</time>
<keywords>walking</keywords>
<bounds minlat="59.66500332" minlon="10.76394801" maxlat="59.66887673" maxlon="10.77725142" />

<trk>
 <name>Track 20260820-130018</name>
 <trkseg>
  <trkpt lat="59.66617220" lon="10.77725142"><ele>146.932</ele><time>2026-08-20T11:00:18Z</time><speed>0.000</speed><sat>21</sat></trkpt>
  <trkpt lat="59.66616806" lon="10.77723934"><ele>145.127</ele><time>2026-08-20T11:00:19Z</time><speed>0.000</speed><sat>22</sat></trkpt>
  <trkpt lat="59.66616572" lon="10.77720148"><ele>142.964</ele><time>2026-08-20T11:00:20Z</time><speed>1.580</speed><sat>26</sat></trkpt>
  <trkpt lat="59.66613442" lon="10.77716842"><ele>140.549</ele><time>2026-08-20T11:00:21Z</time><speed>1.540</speed><sat>26</sat></trkpt>
  <trkpt lat="59.66612153" lon="10.77715885"><ele>141.735</ele><time>2026-08-20T11:00:22Z</time><speed>1.710</speed><sat>26</sat></trkpt>
  <trkpt lat="59.66610093" lon="10.77714691"><ele>141.985</ele><time>2026-08-20T11:00:23Z</time><speed>1.650</speed><sat>27</sat></trkpt>
  <trkpt lat="59.66609224" lon="10.77713262"><ele>139.888</ele><time>2026-08-20T11:00:24Z</time><speed>0.750</speed><sat>27</sat></trkpt>
  <trkpt lat="59.66607874" lon="10.77711748"><ele>139.823</ele><time>2026-08-20T11:00:25Z</time><speed>1.450</speed><sat>27</sat></trkpt>
  <trkpt lat="59.66606405" lon="10.77709676"><ele>139.456</ele><time>2026-08-20T11:00:26Z</time><speed>1.540</speed><sat>27</sat></trkpt>
  <trkpt lat="59.66604908" lon="10.77708028"><ele>139.702</ele><time>2026-08-20T11:00:27Z</time><speed>1.500</speed><sat>27</sat></trkpt>
  <trkpt lat="59.66603422" lon="10.77706262"><ele>139.482</ele><time>2026-08-20T11:00:28Z</time><speed>1.550</speed><sat>27</sat></trkpt>
  <trkpt lat="59.66602198" lon="10.77704253"><ele>139.249</ele><time>2026-08-20T11:00:29Z</time><speed>1.410</speed><sat>27</sat></trkpt>
  <trkpt lat="59.66601068" lon="10.77701523"><ele>138.970</ele><time>2026-08-20T11:00:30Z</time><speed>1.550</speed><sat>27</sat></trkpt>
  <trkpt lat="59.66600160" lon="10.77698835"><ele>139.001</ele><time>2026-08-20T11:00:31Z</time><speed>1.500</speed><sat>27</sat></trkpt>
  <trkpt lat="59.66599206" lon="10.77696093"><ele>138.490</ele><time>2026-08-20T11:00:32Z</time><speed>1.490</speed><sat>27</sat></trkpt>
  <trkpt lat="59.66598291" lon="10.77693423"><ele>138.869</ele><time>2026-08-20T11:00:33Z</time><speed>1.520</speed><sat>27</sat></trkpt>
  <trkpt lat="59.66597471" lon="10.77690223"><ele>138.221</ele><time>2026-08-20T11:00:34Z</time><speed>1.490</speed><sat>27</sat></trkpt>
  <trkpt lat="59.66596622" lon="10.77687346"><ele>138.276</ele><time>2026-08-20T11:00:35Z</time><speed>1.530</speed><sat>27</sat></trkpt>
  <trkpt lat="59.66595636" lon="10.77684616"><ele>138.785</ele><time>2026-08-20T11:00:36Z</time><speed>1.560</speed><sat>27</sat></trkpt>
  <trkpt lat="59.66594745" lon="10.77681958"><ele>138.829</ele><time>2026-08-20T11:00:37Z</time><speed>1.510</speed><sat>27</sat></trkpt>
  <trkpt lat="59.66593841" lon="10.77679264"><ele>138.879</ele><time>2026-08-20T11:00:38Z</time><speed>1.500</speed><sat>27</sat></trkpt>
  <trkpt lat="59.66592561" lon="10.77676621"><ele>137.550</ele><time>2026-08-20T11:00:39Z</time><speed>1.490</speed><sat>27</sat></trkpt>
  <trkpt lat="59.66591395" lon="10.77673908"><ele>137.449</ele><time>2026-08-20T11:00:40Z</time><speed>1.490</speed><sat>27</sat></trkpt>
  <trkpt lat="59.66590545" lon="10.77671097"><ele>137.585</ele><time>2026-08-20T11:00:41Z</time><speed>1.410</speed><sat>27</sat></trkpt>
  <trkpt lat="59.66589956" lon="10.77668319"><ele>137.708</ele><time>2026-08-20T11:00:42Z</time><speed>1.450</speed><sat>27</sat></trkpt>
  <trkpt lat="59.66589811" lon="10.77665965"><ele>138.208</ele><time>2026-08-20T11:00:43Z</time><speed>1.540</speed><sat>27</sat></trkpt>
  <trkpt lat="59.66589865" lon="10.77663401"><ele>138.221</ele><time>2026-08-20T11:00:44Z</time><speed>1.590</speed><sat>27</sat></trkpt>
  <trkpt lat="59.66589825" lon="10.77660873"><ele>138.471</ele><time>2026-08-20T11:00:45Z</time><speed>1.570</speed><sat>27</sat></trkpt>
  <trkpt lat="59.66589775" lon="10.77658400"><ele>138.581</ele><time>2026-08-20T11:00:46Z</time><speed>1.510</speed><sat>27</sat></trkpt>
  <trkpt lat="59.66589688" lon="10.77655937"><ele>138.774</ele><time>2026-08-20T11:00:47Z</time><speed>1.500</speed><sat>27</sat></trkpt>
  <trkpt lat="59.66589680" lon="10.77653537"><ele>138.761</ele><time>2026-08-20T11:00:48Z</time><speed>1.490</speed><sat>27</sat></trkpt>
  <trkpt lat="59.66589691" lon="10.77650734"><ele>138.403</ele><time>2026-08-20T11:00:49Z</time><speed>1.510</speed><sat>27</sat></trkpt>
  <trkpt lat="59.66589628" lon="10.77647839"><ele>138.640</ele><time>2026-08-20T11:00:50Z</time><speed>1.600</speed><sat>27</sat></trkpt>
  <trkpt lat="59.66589565" lon="10.77644800"><ele>138.864</ele><time>2026-08-20T11:00:51Z</time><speed>1.540</speed><sat>27</sat></trkpt>
  <trkpt lat="59.66589563" lon="10.77641833"><ele>139.139</ele><time>2026-08-20T11:00:52Z</time><speed>1.430</speed><sat>27</sat></trkpt>
  <trkpt lat="59.66589544" lon="10.77639089"><ele>138.912</ele><time>2026-08-20T11:00:53Z</time><speed>1.520</speed><sat>27</sat></trkpt>
  <trkpt lat="59.66589492" lon="10.77636444"><ele>138.727</ele><time>2026-08-20T11:00:54Z</time><speed>1.490</speed><sat>27</sat></trkpt>
  <trkpt lat="59.66589257" lon="10.77634120"><ele>138.792</ele><time>2026-08-20T11:00:55Z</time><speed>1.230</speed><sat>27</sat></trkpt>
  <trkpt lat="59.66588992" lon="10.77631465"><ele>138.813</ele><time>2026-08-20T11:00:56Z</time><speed>1.450</speed><sat>27</sat></trkpt>
  <trkpt lat="59.66588780" lon="10.77628757"><ele>138.658</ele><time>2026-08-20T11:00:57Z</time><speed>1.460</speed><sat>27</sat></trkpt>
  <trkpt lat="59.66588594" lon="10.77625778"><ele>138.939</ele><time>2026-08-20T11:00:58Z</time><speed>1.510</speed><sat>27</sat></trkpt>
  <trkpt lat="59.66588347" lon="10.77623324"><ele>139.500</ele><time>2026-08-20T11:00:59Z</time><speed>1.360</speed><sat>27</sat></trkpt>
  <trkpt lat="59.66588129" lon="10.77621081"><ele>139.490</ele><time>2026-08-20T11:01:00Z</time><speed>1.440</speed><sat>27</sat></trkpt>
  <trkpt lat="59.66588042" lon="10.77619271"><ele>139.183</ele><time>2026-08-20T11:01:01Z</time><speed>1.100</speed><sat>27</sat></trkpt>
  <trkpt lat="59.66588022" lon="10.77617695"><ele>139.435</ele><time>2026-08-20T11:01:02Z</time><speed>0.950</speed><sat>27</sat></trkpt>
  <trkpt lat="59.66588038" lon="10.77616230"><ele>139.292</ele><time>2026-08-20T11:01:03Z</time><speed>0.880</speed><sat>27</sat></trkpt>
  <trkpt lat="59.66587995" lon="10.77614164"><ele>139.512</ele><time>2026-08-20T11:01:04Z</time><speed>1.190</speed><sat>27</sat></trkpt>
  <trkpt lat="59.66587959" lon="10.77611833"><ele>139.240</ele><time>2026-08-20T11:01:05Z</time><speed>1.310</speed><sat>27</sat></trkpt>
  <trkpt lat="59.66588254" lon="10.77609274"><ele>139.887</ele><time>2026-08-20T11:01:06Z</time><speed>1.530</speed><sat>27</sat></trkpt>
  <trkpt lat="59.66588903" lon="10.77606538"><ele>140.182</ele><time>2026-08-20T11:01:07Z</time><speed>1.570</speed><sat>26</sat></trkpt>
  <trkpt lat="59.66589490" lon="10.77603573"><ele>139.767</ele><time>2026-08-20T11:01:08Z</time><speed>1.580</speed><sat>26</sat></trkpt>
  <trkpt lat="59.66589987" lon="10.77600638"><ele>139.949</ele><time>2026-08-20T11:01:09Z</time><speed>1.560</speed><sat>26</sat></trkpt>
  <trkpt lat="59.66590386" lon="10.77598082"><ele>140.167</ele><time>2026-08-20T11:01:10Z</time><speed>1.350</speed><sat>27</sat></trkpt>
  <trkpt lat="59.66590815" lon="10.77596269"><ele>139.459</ele><time>2026-08-20T11:01:11Z</time><speed>1.220</speed><sat>27</sat></trkpt>
  <trkpt lat="59.66591178" lon="10.77595254"><ele>139.965</ele><time>2026-08-20T11:01:12Z</time><speed>0.700</speed><sat>27</sat></trkpt>
  <trkpt lat="59.66591379" lon="10.77593997"><ele>139.674</ele><time>2026-08-20T11:01:13Z</time><speed>0.780</speed><sat>27</sat></trkpt>
  <trkpt lat="59.66591701" lon="10.77592707"><ele>139.967</ele><time>2026-08-20T11:01:14Z</time><speed>0.970</speed><sat>27</sat></trkpt>
  <trkpt lat="59.66592511" lon="10.77591208"><ele>140.332</ele><time>2026-08-20T11:01:15Z</time><speed>1.240</speed><sat>27</sat></trkpt>
  <trkpt lat="59.66593147" lon="10.77589967"><ele>140.643</ele><time>2026-08-20T11:01:16Z</time><speed>0.910</speed><sat>27</sat></trkpt>
  <trkpt lat="59.66593403" lon="10.77589482"><ele>140.692</ele><time>2026-08-20T11:01:17Z</time><speed>0.340</speed><sat>26</sat></trkpt>
  <trkpt lat="59.66593608" lon="10.77589188"><ele>140.735</ele><time>2026-08-20T11:01:18Z</time><speed>0.330</speed><sat>26</sat></trkpt>
  <trkpt lat="59.66593555" lon="10.77589217"><ele>140.735</ele><time>2026-08-20T11:01:19Z</time><speed>0.000</speed><sat>26</sat></trkpt>
  <trkpt lat="59.66593535" lon="10.77589229"><ele>140.730</ele><time>2026-08-20T11:01:20Z</time><speed>0.000</speed><sat>26</sat></trkpt>
  <trkpt lat="59.66593858" lon="10.77588743"><ele>140.745</ele><time>2026-08-20T11:01:21Z</time><speed>0.470</speed><sat>26</sat></trkpt>
  <trkpt lat="59.66593894" lon="10.77588369"><ele>140.603</ele><time>2026-08-20T11:01:22Z</time><speed>0.000</speed><sat>26</sat></trkpt>
  <trkpt lat="59.66593882" lon="10.77588283"><ele>140.613</ele><time>2026-08-20T11:01:23Z</time><speed>0.000</speed><sat>27</sat></trkpt>
  <trkpt lat="59.66593874" lon="10.77588268"><ele>140.614</ele><time>2026-08-20T11:01:24Z</time><speed>0.000</speed><sat>27</sat></trkpt>
  <trkpt lat="59.66593872" lon="10.77588261"><ele>140.617</ele><time>2026-08-20T11:01:25Z</time><speed>0.000</speed><sat>27</sat></trkpt>
  <trkpt lat="59.66593871" lon="10.77588258"><ele>140.619</ele><time>2026-08-20T11:01:26Z</time><speed>0.000</speed><sat>27</sat></trkpt>
  <trkpt lat="59.66593871" lon="10.77588253"><ele>140.621</ele><time>2026-08-20T11:01:27Z</time><speed>0.000</speed><sat>27</sat></trkpt>
  <trkpt lat="59.66593775" lon="10.77588030"><ele>140.361</ele><time>2026-08-20T11:01:28Z</time><speed>0.220</speed><sat>27</sat></trkpt>
  <trkpt lat="59.66592978" lon="10.77586347"><ele>140.564</ele><time>2026-08-20T11:01:29Z</time><speed>1.300</speed><sat>25</sat></trkpt>
  <trkpt lat="59.66591950" lon="10.77583310"><ele>140.416</ele><time>2026-08-20T11:01:30Z</time><speed>1.880</speed><sat>25</sat></trkpt>
  <trkpt lat="59.66590671" lon="10.77580239"><ele>140.437</ele><time>2026-08-20T11:01:31Z</time><speed>1.880</speed><sat>25</sat></trkpt>
  <trkpt lat="59.66589121" lon="10.77577686"><ele>139.663</ele><time>2026-08-20T11:01:32Z</time><speed>2.010</speed><sat>25</sat></trkpt>
  <trkpt lat="59.66587680" lon="10.77575786"><ele>139.587</ele><time>2026-08-20T11:01:33Z</time><speed>1.860</speed><sat>25</sat></trkpt>
  <trkpt lat="59.66586326" lon="10.77573916"><ele>138.995</ele><time>2026-08-20T11:01:34Z</time><speed>1.730</speed><sat>25</sat></trkpt>
  <trkpt lat="59.66585523" lon="10.77573408"><ele>139.095</ele><time>2026-08-20T11:01:35Z</time><speed>0.830</speed><sat>26</sat></trkpt>
  <trkpt lat="59.66584454" lon="10.77572305"><ele>138.773</ele><time>2026-08-20T11:01:36Z</time><speed>1.430</speed><sat>26</sat></trkpt>
  <trkpt lat="59.66583508" lon="10.77570328"><ele>138.270</ele><time>2026-08-20T11:01:37Z</time><speed>1.450</speed><sat>26</sat></trkpt>
  <trkpt lat="59.66582524" lon="10.77568550"><ele>138.048</ele><time>2026-08-20T11:01:38Z</time><speed>1.490</speed><sat>26</sat></trkpt>
  <trkpt lat="59.66581431" lon="10.77566928"><ele>137.954</ele><time>2026-08-20T11:01:39Z</time><speed>1.510</speed><sat>26</sat></trkpt>
  <trkpt lat="59.66580216" lon="10.77564976"><ele>137.296</ele><time>2026-08-20T11:01:40Z</time><speed>1.530</speed><sat>26</sat></trkpt>
  <trkpt lat="59.66579136" lon="10.77563058"><ele>137.912</ele><time>2026-08-20T11:01:41Z</time><speed>1.360</speed><sat>25</sat></trkpt>
  <trkpt lat="59.66578048" lon="10.77561428"><ele>137.761</ele><time>2026-08-20T11:01:42Z</time><speed>1.270</speed><sat>25</sat></trkpt>
  <trkpt lat="59.66576903" lon="10.77559923"><ele>138.431</ele><time>2026-08-20T11:01:43Z</time><speed>1.370</speed><sat>25</sat></trkpt>
  <trkpt lat="59.66575878" lon="10.77558822"><ele>137.957</ele><time>2026-08-20T11:01:44Z</time><speed>1.340</speed><sat>25</sat></trkpt>
  <trkpt lat="59.66575138" lon="10.77557616"><ele>137.719</ele><time>2026-08-20T11:01:45Z</time><speed>1.150</speed><sat>25</sat></trkpt>
  <trkpt lat="59.66574601" lon="10.77555494"><ele>137.229</ele><time>2026-08-20T11:01:46Z</time><speed>1.300</speed><sat>25</sat></trkpt>
  <trkpt lat="59.66573928" lon="10.77552856"><ele>136.690</ele><time>2026-08-20T11:01:47Z</time><speed>1.530</speed><sat>25</sat></trkpt>
  <trkpt lat="59.66573177" lon="10.77549989"><ele>136.538</ele><time>2026-08-20T11:01:48Z</time><speed>1.600</speed><sat>25</sat></trkpt>
  <trkpt lat="59.66572276" lon="10.77547528"><ele>136.223</ele><time>2026-08-20T11:01:49Z</time><speed>1.610</speed><sat>25</sat></trkpt>
  <trkpt lat="59.66571319" lon="10.77545522"><ele>136.108</ele><time>2026-08-20T11:01:50Z</time><speed>1.530</speed><sat>25</sat></trkpt>
  <trkpt lat="59.66570547" lon="10.77543755"><ele>135.662</ele><time>2026-08-20T11:01:51Z</time><speed>1.420</speed><sat>25</sat></trkpt>
  <trkpt lat="59.66569605" lon="10.77541966"><ele>136.161</ele><time>2026-08-20T11:01:52Z</time><speed>1.440</speed><sat>25</sat></trkpt>
  <trkpt lat="59.66568607" lon="10.77540073"><ele>135.808</ele><time>2026-08-20T11:01:53Z</time><speed>1.500</speed><sat>25</sat></trkpt>
  <trkpt lat="59.66567637" lon="10.77538275"><ele>135.751</ele><time>2026-08-20T11:01:54Z</time><speed>1.500</speed><sat>26</sat></trkpt>
  <trkpt lat="59.66566697" lon="10.77536504"><ele>135.835</ele><time>2026-08-20T11:01:55Z</time><speed>1.450</speed><sat>26</sat></trkpt>
  <trkpt lat="59.66565789" lon="10.77534764"><ele>135.676</ele><time>2026-08-20T11:01:56Z</time><speed>1.470</speed><sat>26</sat></trkpt>
  <trkpt lat="59.66564823" lon="10.77532907"><ele>135.444</ele><time>2026-08-20T11:01:57Z</time><speed>1.470</speed><sat>26</sat></trkpt>
  <trkpt lat="59.66563832" lon="10.77530972"><ele>135.182</ele><time>2026-08-20T11:01:58Z</time><speed>1.450</speed><sat>26</sat></trkpt>
  <trkpt lat="59.66562745" lon="10.77529229"><ele>135.593</ele><time>2026-08-20T11:01:59Z</time><speed>1.480</speed><sat>26</sat></trkpt>
  <trkpt lat="59.66561312" lon="10.77528182"><ele>135.629</ele><time>2026-08-20T11:02:00Z</time><speed>1.660</speed><sat>25</sat></trkpt>
  <trkpt lat="59.66560104" lon="10.77526843"><ele>135.669</ele><time>2026-08-20T11:02:01Z</time><speed>1.470</speed><sat>26</sat></trkpt>
  <trkpt lat="59.66559153" lon="10.77525469"><ele>135.682</ele><time>2026-08-20T11:02:02Z</time><speed>1.400</speed><sat>26</sat></trkpt>
  <trkpt lat="59.66558261" lon="10.77523712"><ele>135.242</ele><time>2026-08-20T11:02:03Z</time><speed>1.340</speed><sat>26</sat></trkpt>
  <trkpt lat="59.66557487" lon="10.77521962"><ele>135.344</ele><time>2026-08-20T11:02:04Z</time><speed>1.380</speed><sat>26</sat></trkpt>
  <trkpt lat="59.66556692" lon="10.77520090"><ele>135.274</ele><time>2026-08-20T11:02:05Z</time><speed>1.370</speed><sat>26</sat></trkpt>
  <trkpt lat="59.66555961" lon="10.77518285"><ele>135.450</ele><time>2026-08-20T11:02:06Z</time><speed>1.250</speed><sat>26</sat></trkpt>
  <trkpt lat="59.66555222" lon="10.77516624"><ele>135.592</ele><time>2026-08-20T11:02:07Z</time><speed>1.250</speed><sat>25</sat></trkpt>
  <trkpt lat="59.66554403" lon="10.77514841"><ele>135.276</ele><time>2026-08-20T11:02:08Z</time><speed>1.320</speed><sat>25</sat></trkpt>
  <trkpt lat="59.66553604" lon="10.77512859"><ele>134.896</ele><time>2026-08-20T11:02:09Z</time><speed>1.340</speed><sat>25</sat></trkpt>
  <trkpt lat="59.66552736" lon="10.77511058"><ele>134.776</ele><time>2026-08-20T11:02:10Z</time><speed>1.410</speed><sat>25</sat></trkpt>
  <trkpt lat="59.66551833" lon="10.77509415"><ele>134.610</ele><time>2026-08-20T11:02:11Z</time><speed>1.330</speed><sat>25</sat></trkpt>
  <trkpt lat="59.66550867" lon="10.77507771"><ele>134.335</ele><time>2026-08-20T11:02:12Z</time><speed>1.310</speed><sat>25</sat></trkpt>
  <trkpt lat="59.66549906" lon="10.77505848"><ele>134.040</ele><time>2026-08-20T11:02:13Z</time><speed>1.350</speed><sat>25</sat></trkpt>
  <trkpt lat="59.66548907" lon="10.77503708"><ele>133.746</ele><time>2026-08-20T11:02:14Z</time><speed>1.420</speed><sat>25</sat></trkpt>
  <trkpt lat="59.66547990" lon="10.77501549"><ele>133.534</ele><time>2026-08-20T11:02:15Z</time><speed>1.410</speed><sat>25</sat></trkpt>
  <trkpt lat="59.66546945" lon="10.77499565"><ele>133.971</ele><time>2026-08-20T11:02:16Z</time><speed>1.480</speed><sat>24</sat></trkpt>
  <trkpt lat="59.66545980" lon="10.77497831"><ele>134.071</ele><time>2026-08-20T11:02:17Z</time><speed>1.330</speed><sat>24</sat></trkpt>
  <trkpt lat="59.66545029" lon="10.77496013"><ele>134.356</ele><time>2026-08-20T11:02:18Z</time><speed>1.350</speed><sat>24</sat></trkpt>
  <trkpt lat="59.66544082" lon="10.77494257"><ele>134.264</ele><time>2026-08-20T11:02:19Z</time><speed>1.390</speed><sat>24</sat></trkpt>
  <trkpt lat="59.66543128" lon="10.77492504"><ele>133.548</ele><time>2026-08-20T11:02:20Z</time><speed>1.420</speed><sat>26</sat></trkpt>
  <trkpt lat="59.66542218" lon="10.77490949"><ele>133.716</ele><time>2026-08-20T11:02:21Z</time><speed>1.320</speed><sat>26</sat></trkpt>
  <trkpt lat="59.66541456" lon="10.77489390"><ele>133.563</ele><time>2026-08-20T11:02:22Z</time><speed>1.230</speed><sat>27</sat></trkpt>
  <trkpt lat="59.66540785" lon="10.77488147"><ele>133.419</ele><time>2026-08-20T11:02:23Z</time><speed>1.100</speed><sat>27</sat></trkpt>
  <trkpt lat="59.66540490" lon="10.77487101"><ele>133.481</ele><time>2026-08-20T11:02:24Z</time><speed>0.800</speed><sat>27</sat></trkpt>
  <trkpt lat="59.66540004" lon="10.77485741"><ele>133.282</ele><time>2026-08-20T11:02:25Z</time><speed>0.950</speed><sat>27</sat></trkpt>
  <trkpt lat="59.66539309" lon="10.77484580"><ele>133.508</ele><time>2026-08-20T11:02:26Z</time><speed>1.110</speed><sat>26</sat></trkpt>
  <trkpt lat="59.66538651" lon="10.77483276"><ele>133.279</ele><time>2026-08-20T11:02:27Z</time><speed>1.000</speed><sat>26</sat></trkpt>
  <trkpt lat="59.66537929" lon="10.77482003"><ele>132.899</ele><time>2026-08-20T11:02:28Z</time><speed>1.170</speed><sat>27</sat></trkpt>
  <trkpt lat="59.66537115" lon="10.77480351"><ele>132.931</ele><time>2026-08-20T11:02:29Z</time><speed>1.340</speed><sat>27</sat></trkpt>
  <trkpt lat="59.66536191" lon="10.77478850"><ele>133.140</ele><time>2026-08-20T11:02:30Z</time><speed>1.430</speed><sat>27</sat></trkpt>
  <trkpt lat="59.66535166" lon="10.77477512"><ele>133.791</ele><time>2026-08-20T11:02:31Z</time><speed>1.400</speed><sat>27</sat></trkpt>
  <trkpt lat="59.66534071" lon="10.77476075"><ele>134.526</ele><time>2026-08-20T11:02:32Z</time><speed>1.420</speed><sat>27</sat></trkpt>
  <trkpt lat="59.66533104" lon="10.77474493"><ele>134.818</ele><time>2026-08-20T11:02:33Z</time><speed>1.480</speed><sat>27</sat></trkpt>
  <trkpt lat="59.66532285" lon="10.77472933"><ele>134.942</ele><time>2026-08-20T11:02:34Z</time><speed>1.410</speed><sat>26</sat></trkpt>
  <trkpt lat="59.66531467" lon="10.77471203"><ele>134.835</ele><time>2026-08-20T11:02:35Z</time><speed>1.430</speed><sat>26</sat></trkpt>
  <trkpt lat="59.66530578" lon="10.77469362"><ele>134.858</ele><time>2026-08-20T11:02:36Z</time><speed>1.480</speed><sat>26</sat></trkpt>
  <trkpt lat="59.66529617" lon="10.77467690"><ele>134.894</ele><time>2026-08-20T11:02:37Z</time><speed>1.470</speed><sat>26</sat></trkpt>
  <trkpt lat="59.66528567" lon="10.77465854"><ele>134.746</ele><time>2026-08-20T11:02:38Z</time><speed>1.520</speed><sat>26</sat></trkpt>
  <trkpt lat="59.66527545" lon="10.77463842"><ele>134.385</ele><time>2026-08-20T11:02:39Z</time><speed>1.520</speed><sat>25</sat></trkpt>
  <trkpt lat="59.66526655" lon="10.77461698"><ele>134.446</ele><time>2026-08-20T11:02:40Z</time><speed>1.520</speed><sat>25</sat></trkpt>
  <trkpt lat="59.66525725" lon="10.77459508"><ele>134.431</ele><time>2026-08-20T11:02:41Z</time><speed>1.540</speed><sat>25</sat></trkpt>
  <trkpt lat="59.66524767" lon="10.77457492"><ele>133.968</ele><time>2026-08-20T11:02:42Z</time><speed>1.600</speed><sat>25</sat></trkpt>
  <trkpt lat="59.66523801" lon="10.77455470"><ele>133.763</ele><time>2026-08-20T11:02:43Z</time><speed>1.620</speed><sat>25</sat></trkpt>
  <trkpt lat="59.66522873" lon="10.77453198"><ele>133.718</ele><time>2026-08-20T11:02:44Z</time><speed>1.610</speed><sat>25</sat></trkpt>
  <trkpt lat="59.66521888" lon="10.77451144"><ele>133.742</ele><time>2026-08-20T11:02:45Z</time><speed>1.630</speed><sat>25</sat></trkpt>
  <trkpt lat="59.66520960" lon="10.77448958"><ele>134.070</ele><time>2026-08-20T11:02:46Z</time><speed>1.550</speed><sat>25</sat></trkpt>
  <trkpt lat="59.66520065" lon="10.77446481"><ele>133.993</ele><time>2026-08-20T11:02:47Z</time><speed>1.530</speed><sat>25</sat></trkpt>
  <trkpt lat="59.66519212" lon="10.77444118"><ele>133.983</ele><time>2026-08-20T11:02:48Z</time><speed>1.570</speed><sat>26</sat></trkpt>
  <trkpt lat="59.66518506" lon="10.77441701"><ele>133.730</ele><time>2026-08-20T11:02:49Z</time><speed>1.510</speed><sat>26</sat></trkpt>
  <trkpt lat="59.66517790" lon="10.77439120"><ele>133.727</ele><time>2026-08-20T11:02:50Z</time><speed>1.620</speed><sat>26</sat></trkpt>
  <trkpt lat="59.66517154" lon="10.77436556"><ele>133.475</ele><time>2026-08-20T11:02:51Z</time><speed>1.600</speed><sat>26</sat></trkpt>
  <trkpt lat="59.66516418" lon="10.77433909"><ele>133.455</ele><time>2026-08-20T11:02:52Z</time><speed>1.680</speed><sat>26</sat></trkpt>
  <trkpt lat="59.66515550" lon="10.77431601"><ele>133.449</ele><time>2026-08-20T11:02:53Z</time><speed>1.600</speed><sat>26</sat></trkpt>
  <trkpt lat="59.66514777" lon="10.77429156"><ele>133.559</ele><time>2026-08-20T11:02:54Z</time><speed>1.580</speed><sat>25</sat></trkpt>
  <trkpt lat="59.66514125" lon="10.77427030"><ele>133.921</ele><time>2026-08-20T11:02:55Z</time><speed>1.530</speed><sat>25</sat></trkpt>
  <trkpt lat="59.66513547" lon="10.77424742"><ele>134.316</ele><time>2026-08-20T11:02:56Z</time><speed>1.700</speed><sat>26</sat></trkpt>
  <trkpt lat="59.66512956" lon="10.77422285"><ele>134.631</ele><time>2026-08-20T11:02:57Z</time><speed>1.660</speed><sat>26</sat></trkpt>
  <trkpt lat="59.66512403" lon="10.77419798"><ele>134.747</ele><time>2026-08-20T11:02:58Z</time><speed>1.610</speed><sat>26</sat></trkpt>
  <trkpt lat="59.66511736" lon="10.77417386"><ele>134.705</ele><time>2026-08-20T11:02:59Z</time><speed>1.610</speed><sat>26</sat></trkpt>
  <trkpt lat="59.66511051" lon="10.77414844"><ele>134.511</ele><time>2026-08-20T11:03:00Z</time><speed>1.680</speed><sat>26</sat></trkpt>
  <trkpt lat="59.66510241" lon="10.77412202"><ele>134.543</ele><time>2026-08-20T11:03:01Z</time><speed>1.670</speed><sat>26</sat></trkpt>
  <trkpt lat="59.66509525" lon="10.77409006"><ele>134.604</ele><time>2026-08-20T11:03:02Z</time><speed>1.710</speed><sat>26</sat></trkpt>
  <trkpt lat="59.66508705" lon="10.77406332"><ele>134.789</ele><time>2026-08-20T11:03:03Z</time><speed>1.630</speed><sat>26</sat></trkpt>
  <trkpt lat="59.66507889" lon="10.77403531"><ele>134.561</ele><time>2026-08-20T11:03:04Z</time><speed>1.670</speed><sat>26</sat></trkpt>
  <trkpt lat="59.66507125" lon="10.77400900"><ele>134.897</ele><time>2026-08-20T11:03:05Z</time><speed>1.690</speed><sat>26</sat></trkpt>
  <trkpt lat="59.66506277" lon="10.77398569"><ele>134.846</ele><time>2026-08-20T11:03:06Z</time><speed>1.660</speed><sat>26</sat></trkpt>
  <trkpt lat="59.66505280" lon="10.77395908"><ele>134.334</ele><time>2026-08-20T11:03:07Z</time><speed>1.720</speed><sat>26</sat></trkpt>
  <trkpt lat="59.66504396" lon="10.77393308"><ele>134.373</ele><time>2026-08-20T11:03:08Z</time><speed>1.750</speed><sat>27</sat></trkpt>
  <trkpt lat="59.66503544" lon="10.77390740"><ele>134.314</ele><time>2026-08-20T11:03:09Z</time><speed>1.720</speed><sat>27</sat></trkpt>
  <trkpt lat="59.66502752" lon="10.77388222"><ele>133.975</ele><time>2026-08-20T11:03:10Z</time><speed>1.710</speed><sat>27</sat></trkpt>
  <trkpt lat="59.66502122" lon="10.77385866"><ele>134.078</ele><time>2026-08-20T11:03:11Z</time><speed>1.640</speed><sat>27</sat></trkpt>
  <trkpt lat="59.66501593" lon="10.77383150"><ele>133.592</ele><time>2026-08-20T11:03:12Z</time><speed>1.830</speed><sat>27</sat></trkpt>
  <trkpt lat="59.66501341" lon="10.77380408"><ele>133.347</ele><time>2026-08-20T11:03:13Z</time><speed>1.560</speed><sat>27</sat></trkpt>
  <trkpt lat="59.66500947" lon="10.77377534"><ele>132.537</ele><time>2026-08-20T11:03:14Z</time><speed>1.640</speed><sat>26</sat></trkpt>
  <trkpt lat="59.66500460" lon="10.77374855"><ele>131.692</ele><time>2026-08-20T11:03:15Z</time><speed>1.610</speed><sat>26</sat></trkpt>
  <trkpt lat="59.66500332" lon="10.77373024"><ele>132.176</ele><time>2026-08-20T11:03:16Z</time><speed>0.880</speed><sat>26</sat></trkpt>
  <trkpt lat="59.66500457" lon="10.77372894"><ele>132.711</ele><time>2026-08-20T11:03:17Z</time><speed>0.000</speed><sat>25</sat></trkpt>
  <trkpt lat="59.66500543" lon="10.77373393"><ele>132.471</ele><time>2026-08-20T11:03:18Z</time><speed>0.000</speed><sat>25</sat></trkpt>
  <trkpt lat="59.66500556" lon="10.77373543"><ele>132.478</ele><time>2026-08-20T11:03:19Z</time><speed>0.000</speed><sat>25</sat></trkpt>
  <trkpt lat="59.66500559" lon="10.77373585"><ele>132.482</ele><time>2026-08-20T11:03:20Z</time><speed>0.000</speed><sat>25</sat></trkpt>
  <trkpt lat="59.66500560" lon="10.77373599"><ele>132.483</ele><time>2026-08-20T11:03:21Z</time><speed>0.000</speed><sat>25</sat></trkpt>
  <trkpt lat="59.66500559" lon="10.77373602"><ele>132.482</ele><time>2026-08-20T11:03:22Z</time><speed>0.000</speed><sat>24</sat></trkpt>
  <trkpt lat="59.66500502" lon="10.77373937"><ele>132.558</ele><time>2026-08-20T11:03:23Z</time><speed>0.000</speed><sat>23</sat></trkpt>
  <trkpt lat="59.66500693" lon="10.77374886"><ele>132.656</ele><time>2026-08-20T11:03:24Z</time><speed>0.000</speed><sat>23</sat></trkpt>
  <trkpt lat="59.66500749" lon="10.77375140"><ele>132.669</ele><time>2026-08-20T11:03:25Z</time><speed>0.000</speed><sat>23</sat></trkpt>
  <trkpt lat="59.66500764" lon="10.77375204"><ele>132.671</ele><time>2026-08-20T11:03:26Z</time><speed>0.000</speed><sat>23</sat></trkpt>
  <trkpt lat="59.66500768" lon="10.77375222"><ele>132.674</ele><time>2026-08-20T11:03:27Z</time><speed>0.000</speed><sat>23</sat></trkpt>
  <trkpt lat="59.66500878" lon="10.77375393"><ele>132.909</ele><time>2026-08-20T11:03:28Z</time><speed>0.000</speed><sat>24</sat></trkpt>
  <trkpt lat="59.66501036" lon="10.77375999"><ele>132.742</ele><time>2026-08-20T11:03:29Z</time><speed>0.430</speed><sat>24</sat></trkpt>
  <trkpt lat="59.66501330" lon="10.77376401"><ele>133.157</ele><time>2026-08-20T11:03:30Z</time><speed>0.340</speed><sat>25</sat></trkpt>
  <trkpt lat="59.66501502" lon="10.77376342"><ele>132.789</ele><time>2026-08-20T11:03:31Z</time><speed>0.170</speed><sat>25</sat></trkpt>
  <trkpt lat="59.66502088" lon="10.77376408"><ele>132.557</ele><time>2026-08-20T11:03:32Z</time><speed>0.700</speed><sat>25</sat></trkpt>
  <trkpt lat="59.66502999" lon="10.77376385"><ele>132.432</ele><time>2026-08-20T11:03:33Z</time><speed>1.180</speed><sat>25</sat></trkpt>
  <trkpt lat="59.66504122" lon="10.77376508"><ele>132.304</ele><time>2026-08-20T11:03:34Z</time><speed>1.290</speed><sat>24</sat></trkpt>
  <trkpt lat="59.66505383" lon="10.77376412"><ele>132.345</ele><time>2026-08-20T11:03:35Z</time><speed>1.440</speed><sat>24</sat></trkpt>
  <trkpt lat="59.66506400" lon="10.77376302"><ele>132.435</ele><time>2026-08-20T11:03:36Z</time><speed>1.270</speed><sat>24</sat></trkpt>
  <trkpt lat="59.66507510" lon="10.77376107"><ele>132.788</ele><time>2026-08-20T11:03:37Z</time><speed>1.270</speed><sat>24</sat></trkpt>
  <trkpt lat="59.66508895" lon="10.77376092"><ele>132.850</ele><time>2026-08-20T11:03:38Z</time><speed>1.430</speed><sat>24</sat></trkpt>
  <trkpt lat="59.66510265" lon="10.77376309"><ele>132.870</ele><time>2026-08-20T11:03:39Z</time><speed>1.320</speed><sat>24</sat></trkpt>
  <trkpt lat="59.66511495" lon="10.77376643"><ele>132.759</ele><time>2026-08-20T11:03:40Z</time><speed>1.280</speed><sat>25</sat></trkpt>
  <trkpt lat="59.66512687" lon="10.77376737"><ele>132.302</ele><time>2026-08-20T11:03:41Z</time><speed>1.380</speed><sat>25</sat></trkpt>
  <trkpt lat="59.66513808" lon="10.77376894"><ele>132.391</ele><time>2026-08-20T11:03:42Z</time><speed>1.270</speed><sat>25</sat></trkpt>
  <trkpt lat="59.66514859" lon="10.77377160"><ele>132.388</ele><time>2026-08-20T11:03:43Z</time><speed>1.210</speed><sat>24</sat></trkpt>
  <trkpt lat="59.66516073" lon="10.77377507"><ele>133.076</ele><time>2026-08-20T11:03:44Z</time><speed>1.290</speed><sat>25</sat></trkpt>
  <trkpt lat="59.66517468" lon="10.77377972"><ele>133.022</ele><time>2026-08-20T11:03:45Z</time><speed>1.370</speed><sat>25</sat></trkpt>
  <trkpt lat="59.66518718" lon="10.77378224"><ele>133.265</ele><time>2026-08-20T11:03:46Z</time><speed>1.190</speed><sat>25</sat></trkpt>
  <trkpt lat="59.66519866" lon="10.77378357"><ele>133.121</ele><time>2026-08-20T11:03:47Z</time><speed>1.190</speed><sat>25</sat></trkpt>
  <trkpt lat="59.66520954" lon="10.77377884"><ele>132.647</ele><time>2026-08-20T11:03:48Z</time><speed>1.110</speed><sat>25</sat></trkpt>
  <trkpt lat="59.66522014" lon="10.77377483"><ele>132.598</ele><time>2026-08-20T11:03:49Z</time><speed>1.130</speed><sat>25</sat></trkpt>
  <trkpt lat="59.66523364" lon="10.77377840"><ele>132.988</ele><time>2026-08-20T11:03:50Z</time><speed>1.440</speed><sat>24</sat></trkpt>
  <trkpt lat="59.66524627" lon="10.77378518"><ele>133.216</ele><time>2026-08-20T11:03:51Z</time><speed>1.290</speed><sat>25</sat></trkpt>
  <trkpt lat="59.66526093" lon="10.77379409"><ele>133.116</ele><time>2026-08-20T11:03:52Z</time><speed>1.500</speed><sat>25</sat></trkpt>
  <trkpt lat="59.66527495" lon="10.77380264"><ele>133.079</ele><time>2026-08-20T11:03:53Z</time><speed>1.500</speed><sat>25</sat></trkpt>
  <trkpt lat="59.66528543" lon="10.77380879"><ele>132.690</ele><time>2026-08-20T11:03:54Z</time><speed>1.190</speed><sat>26</sat></trkpt>
  <trkpt lat="59.66529035" lon="10.77381383"><ele>133.217</ele><time>2026-08-20T11:03:55Z</time><speed>0.390</speed><sat>26</sat></trkpt>
  <trkpt lat="59.66529248" lon="10.77381328"><ele>133.327</ele><time>2026-08-20T11:03:56Z</time><speed>0.000</speed><sat>26</sat></trkpt>
  <trkpt lat="59.66529302" lon="10.77381315"><ele>133.316</ele><time>2026-08-20T11:03:57Z</time><speed>0.000</speed><sat>26</sat></trkpt>
  <trkpt lat="59.66529316" lon="10.77381311"><ele>133.317</ele><time>2026-08-20T11:03:58Z</time><speed>0.000</speed><sat>26</sat></trkpt>
  <trkpt lat="59.66529319" lon="10.77381317"><ele>133.318</ele><time>2026-08-20T11:03:59Z</time><speed>0.000</speed><sat>26</sat></trkpt>
  <trkpt lat="59.66529320" lon="10.77381318"><ele>133.319</ele><time>2026-08-20T11:04:00Z</time><speed>0.000</speed><sat>25</sat></trkpt>
  <trkpt lat="59.66529766" lon="10.77381378"><ele>133.530</ele><time>2026-08-20T11:04:01Z</time><speed>0.610</speed><sat>24</sat></trkpt>
  <trkpt lat="59.66530140" lon="10.77380896"><ele>133.767</ele><time>2026-08-20T11:04:02Z</time><speed>0.410</speed><sat>24</sat></trkpt>
  <trkpt lat="59.66530550" lon="10.77379386"><ele>133.340</ele><time>2026-08-20T11:04:03Z</time><speed>0.900</speed><sat>25</sat></trkpt>
  <trkpt lat="59.66531532" lon="10.77377631"><ele>133.259</ele><time>2026-08-20T11:04:04Z</time><speed>1.540</speed><sat>24</sat></trkpt>
  <trkpt lat="59.66532339" lon="10.77375932"><ele>132.666</ele><time>2026-08-20T11:04:05Z</time><speed>1.620</speed><sat>25</sat></trkpt>
  <trkpt lat="59.66533350" lon="10.77372934"><ele>131.903</ele><time>2026-08-20T11:04:06Z</time><speed>1.790</speed><sat>26</sat></trkpt>
  <trkpt lat="59.66533986" lon="10.77370062"><ele>131.880</ele><time>2026-08-20T11:04:07Z</time><speed>1.680</speed><sat>25</sat></trkpt>
  <trkpt lat="59.66534653" lon="10.77367793"><ele>132.604</ele><time>2026-08-20T11:04:08Z</time><speed>1.470</speed><sat>25</sat></trkpt>
  <trkpt lat="59.66535298" lon="10.77365991"><ele>132.723</ele><time>2026-08-20T11:04:09Z</time><speed>1.410</speed><sat>25</sat></trkpt>
  <trkpt lat="59.66536063" lon="10.77364021"><ele>133.115</ele><time>2026-08-20T11:04:10Z</time><speed>1.490</speed><sat>25</sat></trkpt>
  <trkpt lat="59.66536806" lon="10.77362102"><ele>132.762</ele><time>2026-08-20T11:04:11Z</time><speed>1.420</speed><sat>24</sat></trkpt>
  <trkpt lat="59.66537482" lon="10.77359981"><ele>133.485</ele><time>2026-08-20T11:04:12Z</time><speed>1.470</speed><sat>23</sat></trkpt>
  <trkpt lat="59.66538227" lon="10.77357715"><ele>133.360</ele><time>2026-08-20T11:04:13Z</time><speed>1.470</speed><sat>23</sat></trkpt>
  <trkpt lat="59.66539021" lon="10.77355517"><ele>133.605</ele><time>2026-08-20T11:04:14Z</time><speed>1.470</speed><sat>23</sat></trkpt>
  <trkpt lat="59.66539870" lon="10.77353623"><ele>133.888</ele><time>2026-08-20T11:04:15Z</time><speed>1.410</speed><sat>23</sat></trkpt>
  <trkpt lat="59.66540777" lon="10.77351996"><ele>134.550</ele><time>2026-08-20T11:04:16Z</time><speed>1.500</speed><sat>24</sat></trkpt>
  <trkpt lat="59.66541974" lon="10.77350358"><ele>134.520</ele><time>2026-08-20T11:04:17Z</time><speed>1.490</speed><sat>24</sat></trkpt>
  <trkpt lat="59.66543014" lon="10.77348290"><ele>134.289</ele><time>2026-08-20T11:04:18Z</time><speed>1.520</speed><sat>23</sat></trkpt>
  <trkpt lat="59.66543683" lon="10.77345987"><ele>134.397</ele><time>2026-08-20T11:04:19Z</time><speed>1.460</speed><sat>22</sat></trkpt>
  <trkpt lat="59.66544308" lon="10.77343929"><ele>134.852</ele><time>2026-08-20T11:04:20Z</time><speed>1.510</speed><sat>22</sat></trkpt>
  <trkpt lat="59.66545056" lon="10.77342282"><ele>134.915</ele><time>2026-08-20T11:04:21Z</time><speed>1.440</speed><sat>22</sat></trkpt>
  <trkpt lat="59.66546073" lon="10.77340734"><ele>135.299</ele><time>2026-08-20T11:04:22Z</time><speed>1.480</speed><sat>21</sat></trkpt>
  <trkpt lat="59.66547054" lon="10.77339035"><ele>134.865</ele><time>2026-08-20T11:04:23Z</time><speed>1.500</speed><sat>22</sat></trkpt>
  <trkpt lat="59.66548305" lon="10.77337379"><ele>135.120</ele><time>2026-08-20T11:04:24Z</time><speed>1.460</speed><sat>24</sat></trkpt>
  <trkpt lat="59.66549526" lon="10.77335451"><ele>134.178</ele><time>2026-08-20T11:04:25Z</time><speed>1.520</speed><sat>24</sat></trkpt>
  <trkpt lat="59.66550877" lon="10.77333455"><ele>134.805</ele><time>2026-08-20T11:04:26Z</time><speed>1.610</speed><sat>24</sat></trkpt>
  <trkpt lat="59.66552043" lon="10.77331762"><ele>134.904</ele><time>2026-08-20T11:04:27Z</time><speed>1.490</speed><sat>24</sat></trkpt>
  <trkpt lat="59.66553152" lon="10.77329710"><ele>135.219</ele><time>2026-08-20T11:04:28Z</time><speed>1.520</speed><sat>24</sat></trkpt>
  <trkpt lat="59.66554359" lon="10.77327441"><ele>135.329</ele><time>2026-08-20T11:04:29Z</time><speed>1.570</speed><sat>24</sat></trkpt>
  <trkpt lat="59.66555539" lon="10.77325395"><ele>136.289</ele><time>2026-08-20T11:04:30Z</time><speed>1.530</speed><sat>24</sat></trkpt>
  <trkpt lat="59.66556611" lon="10.77323168"><ele>136.522</ele><time>2026-08-20T11:04:31Z</time><speed>1.500</speed><sat>25</sat></trkpt>
  <trkpt lat="59.66557717" lon="10.77320768"><ele>136.723</ele><time>2026-08-20T11:04:32Z</time><speed>1.510</speed><sat>25</sat></trkpt>
  <trkpt lat="59.66558897" lon="10.77318729"><ele>137.204</ele><time>2026-08-20T11:04:33Z</time><speed>1.540</speed><sat>25</sat></trkpt>
  <trkpt lat="59.66560000" lon="10.77316711"><ele>136.696</ele><time>2026-08-20T11:04:34Z</time><speed>1.550</speed><sat>24</sat></trkpt>
  <trkpt lat="59.66561028" lon="10.77314673"><ele>136.771</ele><time>2026-08-20T11:04:35Z</time><speed>1.500</speed><sat>24</sat></trkpt>
  <trkpt lat="59.66562105" lon="10.77312225"><ele>135.823</ele><time>2026-08-20T11:04:36Z</time><speed>1.540</speed><sat>24</sat></trkpt>
  <trkpt lat="59.66563260" lon="10.77309984"><ele>136.344</ele><time>2026-08-20T11:04:37Z</time><speed>1.550</speed><sat>25</sat></trkpt>
  <trkpt lat="59.66564399" lon="10.77307524"><ele>136.438</ele><time>2026-08-20T11:04:38Z</time><speed>1.550</speed><sat>25</sat></trkpt>
  <trkpt lat="59.66565401" lon="10.77305060"><ele>136.320</ele><time>2026-08-20T11:04:39Z</time><speed>1.500</speed><sat>26</sat></trkpt>
  <trkpt lat="59.66566422" lon="10.77302626"><ele>136.764</ele><time>2026-08-20T11:04:40Z</time><speed>1.580</speed><sat>26</sat></trkpt>
  <trkpt lat="59.66567455" lon="10.77300545"><ele>136.774</ele><time>2026-08-20T11:04:41Z</time><speed>1.530</speed><sat>26</sat></trkpt>
  <trkpt lat="59.66568408" lon="10.77298664"><ele>137.267</ele><time>2026-08-20T11:04:42Z</time><speed>1.460</speed><sat>26</sat></trkpt>
  <trkpt lat="59.66568989" lon="10.77296620"><ele>137.141</ele><time>2026-08-20T11:04:43Z</time><speed>1.330</speed><sat>26</sat></trkpt>
  <trkpt lat="59.66569586" lon="10.77294436"><ele>136.821</ele><time>2026-08-20T11:04:44Z</time><speed>1.460</speed><sat>26</sat></trkpt>
  <trkpt lat="59.66570276" lon="10.77292520"><ele>136.313</ele><time>2026-08-20T11:04:45Z</time><speed>1.430</speed><sat>25</sat></trkpt>
  <trkpt lat="59.66570918" lon="10.77290483"><ele>136.072</ele><time>2026-08-20T11:04:46Z</time><speed>1.350</speed><sat>25</sat></trkpt>
  <trkpt lat="59.66571722" lon="10.77288153"><ele>135.891</ele><time>2026-08-20T11:04:47Z</time><speed>1.570</speed><sat>25</sat></trkpt>
  <trkpt lat="59.66572785" lon="10.77286420"><ele>134.664</ele><time>2026-08-20T11:04:48Z</time><speed>1.480</speed><sat>24</sat></trkpt>
  <trkpt lat="59.66574148" lon="10.77285078"><ele>134.287</ele><time>2026-08-20T11:04:49Z</time><speed>1.640</speed><sat>23</sat></trkpt>
  <trkpt lat="59.66575500" lon="10.77283812"><ele>134.853</ele><time>2026-08-20T11:04:50Z</time><speed>1.530</speed><sat>23</sat></trkpt>
  <trkpt lat="59.66576717" lon="10.77282275"><ele>134.611</ele><time>2026-08-20T11:04:51Z</time><speed>1.590</speed><sat>24</sat></trkpt>
  <trkpt lat="59.66577962" lon="10.77281002"><ele>134.545</ele><time>2026-08-20T11:04:52Z</time><speed>1.500</speed><sat>24</sat></trkpt>
  <trkpt lat="59.66579046" lon="10.77280368"><ele>134.974</ele><time>2026-08-20T11:04:53Z</time><speed>1.180</speed><sat>25</sat></trkpt>
  <trkpt lat="59.66580109" lon="10.77279810"><ele>134.848</ele><time>2026-08-20T11:04:54Z</time><speed>1.250</speed><sat>25</sat></trkpt>
  <trkpt lat="59.66581165" lon="10.77278996"><ele>135.128</ele><time>2026-08-20T11:04:55Z</time><speed>1.260</speed><sat>25</sat></trkpt>
  <trkpt lat="59.66582557" lon="10.77278201"><ele>135.432</ele><time>2026-08-20T11:04:56Z</time><speed>1.470</speed><sat>24</sat></trkpt>
  <trkpt lat="59.66583793" lon="10.77277519"><ele>135.088</ele><time>2026-08-20T11:04:57Z</time><speed>1.400</speed><sat>23</sat></trkpt>
  <trkpt lat="59.66585223" lon="10.77277063"><ele>135.539</ele><time>2026-08-20T11:04:58Z</time><speed>1.430</speed><sat>24</sat></trkpt>
  <trkpt lat="59.66586779" lon="10.77277055"><ele>136.244</ele><time>2026-08-20T11:04:59Z</time><speed>1.530</speed><sat>24</sat></trkpt>
  <trkpt lat="59.66588316" lon="10.77277518"><ele>136.449</ele><time>2026-08-20T11:05:00Z</time><speed>1.420</speed><sat>24</sat></trkpt>
  <trkpt lat="59.66589623" lon="10.77277903"><ele>136.837</ele><time>2026-08-20T11:05:01Z</time><speed>1.400</speed><sat>23</sat></trkpt>
  <trkpt lat="59.66590561" lon="10.77278167"><ele>136.329</ele><time>2026-08-20T11:05:02Z</time><speed>1.210</speed><sat>23</sat></trkpt>
  <trkpt lat="59.66591535" lon="10.77278105"><ele>136.199</ele><time>2026-08-20T11:05:03Z</time><speed>1.330</speed><sat>23</sat></trkpt>
  <trkpt lat="59.66592008" lon="10.77278414"><ele>136.277</ele><time>2026-08-20T11:05:04Z</time><speed>0.550</speed><sat>22</sat></trkpt>
  <trkpt lat="59.66591877" lon="10.77279156"><ele>136.192</ele><time>2026-08-20T11:05:05Z</time><speed>0.000</speed><sat>22</sat></trkpt>
  <trkpt lat="59.66591867" lon="10.77279248"><ele>136.132</ele><time>2026-08-20T11:05:06Z</time><speed>0.000</speed><sat>20</sat></trkpt>
  <trkpt lat="59.66591867" lon="10.77279269"><ele>136.132</ele><time>2026-08-20T11:05:07Z</time><speed>0.000</speed><sat>21</sat></trkpt>
  <trkpt lat="59.66591868" lon="10.77279270"><ele>136.133</ele><time>2026-08-20T11:05:08Z</time><speed>0.000</speed><sat>21</sat></trkpt>
  <trkpt lat="59.66591868" lon="10.77279263"><ele>136.135</ele><time>2026-08-20T11:05:09Z</time><speed>0.000</speed><sat>22</sat></trkpt>
  <trkpt lat="59.66591867" lon="10.77279257"><ele>136.135</ele><time>2026-08-20T11:05:10Z</time><speed>0.000</speed><sat>23</sat></trkpt>
  <trkpt lat="59.66592026" lon="10.77279615"><ele>136.221</ele><time>2026-08-20T11:05:11Z</time><speed>0.370</speed><sat>22</sat></trkpt>
  <trkpt lat="59.66592205" lon="10.77279966"><ele>136.608</ele><time>2026-08-20T11:05:12Z</time><speed>0.410</speed><sat>22</sat></trkpt>
  <trkpt lat="59.66592309" lon="10.77279931"><ele>136.523</ele><time>2026-08-20T11:05:13Z</time><speed>0.230</speed><sat>21</sat></trkpt>
  <trkpt lat="59.66592253" lon="10.77279386"><ele>136.529</ele><time>2026-08-20T11:05:14Z</time><speed>0.000</speed><sat>21</sat></trkpt>
  <trkpt lat="59.66592234" lon="10.77279244"><ele>136.530</ele><time>2026-08-20T11:05:15Z</time><speed>0.000</speed><sat>22</sat></trkpt>
  <trkpt lat="59.66592229" lon="10.77279214"><ele>136.534</ele><time>2026-08-20T11:05:16Z</time><speed>0.000</speed><sat>21</sat></trkpt>
  <trkpt lat="59.66592107" lon="10.77278780"><ele>136.332</ele><time>2026-08-20T11:05:17Z</time><speed>0.000</speed><sat>22</sat></trkpt>
  <trkpt lat="59.66592049" lon="10.77278615"><ele>136.293</ele><time>2026-08-20T11:05:18Z</time><speed>0.000</speed><sat>22</sat></trkpt>
  <trkpt lat="59.66592033" lon="10.77278562"><ele>136.287</ele><time>2026-08-20T11:05:19Z</time><speed>0.000</speed><sat>22</sat></trkpt>
  <trkpt lat="59.66592028" lon="10.77278546"><ele>136.283</ele><time>2026-08-20T11:05:20Z</time><speed>0.000</speed><sat>22</sat></trkpt>
  <trkpt lat="59.66592078" lon="10.77278483"><ele>136.203</ele><time>2026-08-20T11:05:21Z</time><speed>0.290</speed><sat>19</sat></trkpt>
  <trkpt lat="59.66592893" lon="10.77278566"><ele>135.909</ele><time>2026-08-20T11:05:22Z</time><speed>0.920</speed><sat>19</sat></trkpt>
  <trkpt lat="59.66593749" lon="10.77278175"><ele>135.676</ele><time>2026-08-20T11:05:23Z</time><speed>0.880</speed><sat>19</sat></trkpt>
  <trkpt lat="59.66594850" lon="10.77277310"><ele>135.998</ele><time>2026-08-20T11:05:24Z</time><speed>1.310</speed><sat>20</sat></trkpt>
  <trkpt lat="59.66596219" lon="10.77276309"><ele>136.663</ele><time>2026-08-20T11:05:25Z</time><speed>1.450</speed><sat>23</sat></trkpt>
  <trkpt lat="59.66597513" lon="10.77275752"><ele>136.793</ele><time>2026-08-20T11:05:26Z</time><speed>1.380</speed><sat>25</sat></trkpt>
  <trkpt lat="59.66598700" lon="10.77275599"><ele>136.560</ele><time>2026-08-20T11:05:27Z</time><speed>1.360</speed><sat>25</sat></trkpt>
  <trkpt lat="59.66599921" lon="10.77275575"><ele>136.988</ele><time>2026-08-20T11:05:28Z</time><speed>1.380</speed><sat>25</sat></trkpt>
  <trkpt lat="59.66601240" lon="10.77275619"><ele>137.795</ele><time>2026-08-20T11:05:29Z</time><speed>1.380</speed><sat>26</sat></trkpt>
  <trkpt lat="59.66602646" lon="10.77275884"><ele>138.207</ele><time>2026-08-20T11:05:30Z</time><speed>1.450</speed><sat>26</sat></trkpt>
  <trkpt lat="59.66604005" lon="10.77276070"><ele>138.677</ele><time>2026-08-20T11:05:31Z</time><speed>1.410</speed><sat>25</sat></trkpt>
  <trkpt lat="59.66605317" lon="10.77276637"><ele>138.617</ele><time>2026-08-20T11:05:32Z</time><speed>1.440</speed><sat>25</sat></trkpt>
  <trkpt lat="59.66606581" lon="10.77277137"><ele>139.041</ele><time>2026-08-20T11:05:33Z</time><speed>1.380</speed><sat>25</sat></trkpt>
  <trkpt lat="59.66607811" lon="10.77277308"><ele>139.065</ele><time>2026-08-20T11:05:34Z</time><speed>1.330</speed><sat>26</sat></trkpt>
  <trkpt lat="59.66609138" lon="10.77277301"><ele>139.386</ele><time>2026-08-20T11:05:35Z</time><speed>1.390</speed><sat>26</sat></trkpt>
  <trkpt lat="59.66610257" lon="10.77277040"><ele>139.864</ele><time>2026-08-20T11:05:36Z</time><speed>1.220</speed><sat>25</sat></trkpt>
  <trkpt lat="59.66610949" lon="10.77277112"><ele>139.608</ele><time>2026-08-20T11:05:37Z</time><speed>0.670</speed><sat>25</sat></trkpt>
  <trkpt lat="59.66611587" lon="10.77277485"><ele>139.210</ele><time>2026-08-20T11:05:38Z</time><speed>0.670</speed><sat>25</sat></trkpt>
  <trkpt lat="59.66612661" lon="10.77277478"><ele>139.473</ele><time>2026-08-20T11:05:39Z</time><speed>1.160</speed><sat>26</sat></trkpt>
  <trkpt lat="59.66613839" lon="10.77277609"><ele>139.807</ele><time>2026-08-20T11:05:40Z</time><speed>1.130</speed><sat>25</sat></trkpt>
  <trkpt lat="59.66615064" lon="10.77277735"><ele>140.091</ele><time>2026-08-20T11:05:41Z</time><speed>1.150</speed><sat>24</sat></trkpt>
  <trkpt lat="59.66616401" lon="10.77277931"><ele>139.993</ele><time>2026-08-20T11:05:42Z</time><speed>1.360</speed><sat>24</sat></trkpt>
  <trkpt lat="59.66617535" lon="10.77278018"><ele>139.835</ele><time>2026-08-20T11:05:43Z</time><speed>1.330</speed><sat>24</sat></trkpt>
  <trkpt lat="59.66618645" lon="10.77278364"><ele>139.886</ele><time>2026-08-20T11:05:44Z</time><speed>1.310</speed><sat>23</sat></trkpt>
  <trkpt lat="59.66619638" lon="10.77278467"><ele>139.871</ele><time>2026-08-20T11:05:45Z</time><speed>1.310</speed><sat>24</sat></trkpt>
  <trkpt lat="59.66620648" lon="10.77278523"><ele>139.737</ele><time>2026-08-20T11:05:46Z</time><speed>1.340</speed><sat>24</sat></trkpt>
  <trkpt lat="59.66621725" lon="10.77278757"><ele>139.758</ele><time>2026-08-20T11:05:47Z</time><speed>1.480</speed><sat>25</sat></trkpt>
  <trkpt lat="59.66622814" lon="10.77279224"><ele>139.311</ele><time>2026-08-20T11:05:48Z</time><speed>1.430</speed><sat>25</sat></trkpt>
  <trkpt lat="59.66623990" lon="10.77279692"><ele>139.130</ele><time>2026-08-20T11:05:49Z</time><speed>1.410</speed><sat>25</sat></trkpt>
  <trkpt lat="59.66625261" lon="10.77279480"><ele>138.936</ele><time>2026-08-20T11:05:50Z</time><speed>1.380</speed><sat>24</sat></trkpt>
  <trkpt lat="59.66626715" lon="10.77279569"><ele>138.885</ele><time>2026-08-20T11:05:51Z</time><speed>1.430</speed><sat>24</sat></trkpt>
  <trkpt lat="59.66628093" lon="10.77279479"><ele>138.324</ele><time>2026-08-20T11:05:52Z</time><speed>1.440</speed><sat>24</sat></trkpt>
  <trkpt lat="59.66629457" lon="10.77279057"><ele>138.050</ele><time>2026-08-20T11:05:53Z</time><speed>1.470</speed><sat>24</sat></trkpt>
  <trkpt lat="59.66630759" lon="10.77278308"><ele>137.670</ele><time>2026-08-20T11:05:54Z</time><speed>1.430</speed><sat>23</sat></trkpt>
  <trkpt lat="59.66631910" lon="10.77276991"><ele>138.353</ele><time>2026-08-20T11:05:55Z</time><speed>1.330</speed><sat>22</sat></trkpt>
  <trkpt lat="59.66632881" lon="10.77275635"><ele>138.118</ele><time>2026-08-20T11:05:56Z</time><speed>1.230</speed><sat>24</sat></trkpt>
  <trkpt lat="59.66633819" lon="10.77274015"><ele>137.929</ele><time>2026-08-20T11:05:57Z</time><speed>1.250</speed><sat>24</sat></trkpt>
  <trkpt lat="59.66635090" lon="10.77272349"><ele>137.772</ele><time>2026-08-20T11:05:58Z</time><speed>1.560</speed><sat>24</sat></trkpt>
  <trkpt lat="59.66636458" lon="10.77271154"><ele>138.076</ele><time>2026-08-20T11:05:59Z</time><speed>1.530</speed><sat>25</sat></trkpt>
  <trkpt lat="59.66637918" lon="10.77269761"><ele>137.866</ele><time>2026-08-20T11:06:00Z</time><speed>1.680</speed><sat>25</sat></trkpt>
  <trkpt lat="59.66639519" lon="10.77267993"><ele>137.689</ele><time>2026-08-20T11:06:01Z</time><speed>1.860</speed><sat>26</sat></trkpt>
  <trkpt lat="59.66641245" lon="10.77266706"><ele>137.466</ele><time>2026-08-20T11:06:02Z</time><speed>1.890</speed><sat>26</sat></trkpt>
  <trkpt lat="59.66642986" lon="10.77265485"><ele>136.492</ele><time>2026-08-20T11:06:03Z</time><speed>1.810</speed><sat>26</sat></trkpt>
  <trkpt lat="59.66644936" lon="10.77264088"><ele>135.799</ele><time>2026-08-20T11:06:04Z</time><speed>2.070</speed><sat>26</sat></trkpt>
  <trkpt lat="59.66647716" lon="10.77262637"><ele>135.348</ele><time>2026-08-20T11:06:05Z</time><speed>2.850</speed><sat>25</sat></trkpt>
  <trkpt lat="59.66650860" lon="10.77261419"><ele>135.577</ele><time>2026-08-20T11:06:06Z</time><speed>3.080</speed><sat>25</sat></trkpt>
  <trkpt lat="59.66654017" lon="10.77261125"><ele>135.922</ele><time>2026-08-20T11:06:07Z</time><speed>3.160</speed><sat>25</sat></trkpt>
  <trkpt lat="59.66656946" lon="10.77261070"><ele>135.378</ele><time>2026-08-20T11:06:08Z</time><speed>2.910</speed><sat>25</sat></trkpt>
  <trkpt lat="59.66659493" lon="10.77260755"><ele>135.503</ele><time>2026-08-20T11:06:09Z</time><speed>2.620</speed><sat>25</sat></trkpt>
  <trkpt lat="59.66661753" lon="10.77260345"><ele>134.993</ele><time>2026-08-20T11:06:10Z</time><speed>2.280</speed><sat>25</sat></trkpt>
  <trkpt lat="59.66663103" lon="10.77260717"><ele>134.983</ele><time>2026-08-20T11:06:11Z</time><speed>1.450</speed><sat>25</sat></trkpt>
  <trkpt lat="59.66664626" lon="10.77260797"><ele>134.985</ele><time>2026-08-20T11:06:12Z</time><speed>1.850</speed><sat>25</sat></trkpt>
  <trkpt lat="59.66665368" lon="10.77260765"><ele>135.385</ele><time>2026-08-20T11:06:13Z</time><speed>0.790</speed><sat>25</sat></trkpt>
  <trkpt lat="59.66665896" lon="10.77261082"><ele>135.826</ele><time>2026-08-20T11:06:14Z</time><speed>0.700</speed><sat>25</sat></trkpt>
  <trkpt lat="59.66667062" lon="10.77261791"><ele>135.558</ele><time>2026-08-20T11:06:15Z</time><speed>1.170</speed><sat>24</sat></trkpt>
  <trkpt lat="59.66668361" lon="10.77261834"><ele>135.477</ele><time>2026-08-20T11:06:16Z</time><speed>1.300</speed><sat>24</sat></trkpt>
  <trkpt lat="59.66669752" lon="10.77261655"><ele>135.500</ele><time>2026-08-20T11:06:17Z</time><speed>1.400</speed><sat>24</sat></trkpt>
  <trkpt lat="59.66671108" lon="10.77261409"><ele>135.724</ele><time>2026-08-20T11:06:18Z</time><speed>1.330</speed><sat>24</sat></trkpt>
  <trkpt lat="59.66672416" lon="10.77261266"><ele>136.023</ele><time>2026-08-20T11:06:19Z</time><speed>1.330</speed><sat>25</sat></trkpt>
  <trkpt lat="59.66673586" lon="10.77261015"><ele>136.228</ele><time>2026-08-20T11:06:20Z</time><speed>1.260</speed><sat>25</sat></trkpt>
  <trkpt lat="59.66674765" lon="10.77260268"><ele>136.727</ele><time>2026-08-20T11:06:21Z</time><speed>1.280</speed><sat>25</sat></trkpt>
  <trkpt lat="59.66675892" lon="10.77259353"><ele>137.276</ele><time>2026-08-20T11:06:22Z</time><speed>1.270</speed><sat>25</sat></trkpt>
  <trkpt lat="59.66676941" lon="10.77258141"><ele>137.140</ele><time>2026-08-20T11:06:23Z</time><speed>1.280</speed><sat>25</sat></trkpt>
  <trkpt lat="59.66677972" lon="10.77256627"><ele>137.199</ele><time>2026-08-20T11:06:24Z</time><speed>1.360</speed><sat>25</sat></trkpt>
  <trkpt lat="59.66678871" lon="10.77255016"><ele>136.627</ele><time>2026-08-20T11:06:25Z</time><speed>1.280</speed><sat>25</sat></trkpt>
  <trkpt lat="59.66679744" lon="10.77253301"><ele>136.784</ele><time>2026-08-20T11:06:26Z</time><speed>1.240</speed><sat>25</sat></trkpt>
  <trkpt lat="59.66680801" lon="10.77251888"><ele>136.519</ele><time>2026-08-20T11:06:27Z</time><speed>1.480</speed><sat>25</sat></trkpt>
  <trkpt lat="59.66682146" lon="10.77251168"><ele>136.679</ele><time>2026-08-20T11:06:28Z</time><speed>1.560</speed><sat>25</sat></trkpt>
  <trkpt lat="59.66683438" lon="10.77250565"><ele>136.883</ele><time>2026-08-20T11:06:29Z</time><speed>1.500</speed><sat>25</sat></trkpt>
  <trkpt lat="59.66684754" lon="10.77249713"><ele>137.404</ele><time>2026-08-20T11:06:30Z</time><speed>1.500</speed><sat>25</sat></trkpt>
  <trkpt lat="59.66685795" lon="10.77248878"><ele>136.872</ele><time>2026-08-20T11:06:31Z</time><speed>1.380</speed><sat>25</sat></trkpt>
  <trkpt lat="59.66686829" lon="10.77247914"><ele>136.807</ele><time>2026-08-20T11:06:32Z</time><speed>1.300</speed><sat>25</sat></trkpt>
  <trkpt lat="59.66687978" lon="10.77246867"><ele>136.822</ele><time>2026-08-20T11:06:33Z</time><speed>1.460</speed><sat>25</sat></trkpt>
  <trkpt lat="59.66688885" lon="10.77245926"><ele>136.066</ele><time>2026-08-20T11:06:34Z</time><speed>1.110</speed><sat>25</sat></trkpt>
  <trkpt lat="59.66689814" lon="10.77244956"><ele>135.877</ele><time>2026-08-20T11:06:35Z</time><speed>1.100</speed><sat>25</sat></trkpt>
  <trkpt lat="59.66690337" lon="10.77244552"><ele>135.867</ele><time>2026-08-20T11:06:36Z</time><speed>0.500</speed><sat>24</sat></trkpt>
  <trkpt lat="59.66690398" lon="10.77244216"><ele>135.377</ele><time>2026-08-20T11:06:37Z</time><speed>0.000</speed><sat>24</sat></trkpt>
  <trkpt lat="59.66690496" lon="10.77243998"><ele>135.518</ele><time>2026-08-20T11:06:38Z</time><speed>0.000</speed><sat>24</sat></trkpt>
  <trkpt lat="59.66690685" lon="10.77243877"><ele>135.327</ele><time>2026-08-20T11:06:39Z</time><speed>0.000</speed><sat>24</sat></trkpt>
  <trkpt lat="59.66690718" lon="10.77243886"><ele>135.301</ele><time>2026-08-20T11:06:40Z</time><speed>0.000</speed><sat>24</sat></trkpt>
  <trkpt lat="59.66690727" lon="10.77243891"><ele>135.298</ele><time>2026-08-20T11:06:41Z</time><speed>0.000</speed><sat>24</sat></trkpt>
  <trkpt lat="59.66690730" lon="10.77243896"><ele>135.295</ele><time>2026-08-20T11:06:42Z</time><speed>0.000</speed><sat>24</sat></trkpt>
  <trkpt lat="59.66690730" lon="10.77243898"><ele>135.291</ele><time>2026-08-20T11:06:43Z</time><speed>0.000</speed><sat>24</sat></trkpt>
  <trkpt lat="59.66690730" lon="10.77243900"><ele>135.287</ele><time>2026-08-20T11:06:44Z</time><speed>0.000</speed><sat>24</sat></trkpt>
  <trkpt lat="59.66690730" lon="10.77243900"><ele>135.284</ele><time>2026-08-20T11:06:45Z</time><speed>0.000</speed><sat>24</sat></trkpt>
  <trkpt lat="59.66690729" lon="10.77243898"><ele>135.278</ele><time>2026-08-20T11:06:46Z</time><speed>0.000</speed><sat>24</sat></trkpt>
  <trkpt lat="59.66690714" lon="10.77244046"><ele>135.177</ele><time>2026-08-20T11:06:47Z</time><speed>0.000</speed><sat>24</sat></trkpt>
  <trkpt lat="59.66690672" lon="10.77244236"><ele>135.168</ele><time>2026-08-20T11:06:48Z</time><speed>0.000</speed><sat>24</sat></trkpt>
  <trkpt lat="59.66690665" lon="10.77244530"><ele>134.956</ele><time>2026-08-20T11:06:49Z</time><speed>0.150</speed><sat>24</sat></trkpt>
  <trkpt lat="59.66690634" lon="10.77244602"><ele>134.957</ele><time>2026-08-20T11:06:50Z</time><speed>0.000</speed><sat>24</sat></trkpt>
  <trkpt lat="59.66690620" lon="10.77244609"><ele>134.958</ele><time>2026-08-20T11:06:51Z</time><speed>0.000</speed><sat>24</sat></trkpt>
  <trkpt lat="59.66690615" lon="10.77244605"><ele>134.954</ele><time>2026-08-20T11:06:52Z</time><speed>0.000</speed><sat>24</sat></trkpt>
  <trkpt lat="59.66690611" lon="10.77244604"><ele>134.951</ele><time>2026-08-20T11:06:53Z</time><speed>0.000</speed><sat>24</sat></trkpt>
  <trkpt lat="59.66690610" lon="10.77244606"><ele>134.952</ele><time>2026-08-20T11:06:54Z</time><speed>0.000</speed><sat>24</sat></trkpt>
  <trkpt lat="59.66690609" lon="10.77244607"><ele>134.953</ele><time>2026-08-20T11:06:55Z</time><speed>0.000</speed><sat>24</sat></trkpt>
  <trkpt lat="59.66690607" lon="10.77244609"><ele>134.953</ele><time>2026-08-20T11:06:56Z</time><speed>0.000</speed><sat>24</sat></trkpt>
  <trkpt lat="59.66690606" lon="10.77244616"><ele>134.952</ele><time>2026-08-20T11:06:57Z</time><speed>0.000</speed><sat>24</sat></trkpt>
  <trkpt lat="59.66690607" lon="10.77244619"><ele>134.954</ele><time>2026-08-20T11:06:58Z</time><speed>0.000</speed><sat>25</sat></trkpt>
  <trkpt lat="59.66690606" lon="10.77244618"><ele>134.956</ele><time>2026-08-20T11:06:59Z</time><speed>0.000</speed><sat>25</sat></trkpt>
  <trkpt lat="59.66690607" lon="10.77244615"><ele>134.954</ele><time>2026-08-20T11:07:00Z</time><speed>0.000</speed><sat>25</sat></trkpt>
  <trkpt lat="59.66690606" lon="10.77244612"><ele>134.953</ele><time>2026-08-20T11:07:01Z</time><speed>0.000</speed><sat>25</sat></trkpt>
  <trkpt lat="59.66690604" lon="10.77244609"><ele>134.946</ele><time>2026-08-20T11:07:02Z</time><speed>0.000</speed><sat>25</sat></trkpt>
  <trkpt lat="59.66690603" lon="10.77244609"><ele>134.945</ele><time>2026-08-20T11:07:03Z</time><speed>0.000</speed><sat>25</sat></trkpt>
  <trkpt lat="59.66690604" lon="10.77244606"><ele>134.945</ele><time>2026-08-20T11:07:04Z</time><speed>0.000</speed><sat>25</sat></trkpt>
  <trkpt lat="59.66690603" lon="10.77244600"><ele>134.941</ele><time>2026-08-20T11:07:05Z</time><speed>0.000</speed><sat>25</sat></trkpt>
  <trkpt lat="59.66690602" lon="10.77244595"><ele>134.941</ele><time>2026-08-20T11:07:06Z</time><speed>0.000</speed><sat>25</sat></trkpt>
  <trkpt lat="59.66690522" lon="10.77244504"><ele>134.858</ele><time>2026-08-20T11:07:07Z</time><speed>0.000</speed><sat>26</sat></trkpt>
  <trkpt lat="59.66690478" lon="10.77244406"><ele>134.830</ele><time>2026-08-20T11:07:08Z</time><speed>0.000</speed><sat>26</sat></trkpt>
  <trkpt lat="59.66690654" lon="10.77243817"><ele>134.771</ele><time>2026-08-20T11:07:09Z</time><speed>0.580</speed><sat>26</sat></trkpt>
  <trkpt lat="59.66690958" lon="10.77242247"><ele>135.007</ele><time>2026-08-20T11:07:10Z</time><speed>0.940</speed><sat>26</sat></trkpt>
  <trkpt lat="59.66691315" lon="10.77240389"><ele>134.814</ele><time>2026-08-20T11:07:11Z</time><speed>1.100</speed><sat>26</sat></trkpt>
  <trkpt lat="59.66691770" lon="10.77238401"><ele>135.024</ele><time>2026-08-20T11:07:12Z</time><speed>1.110</speed><sat>25</sat></trkpt>
  <trkpt lat="59.66692233" lon="10.77236490"><ele>134.877</ele><time>2026-08-20T11:07:13Z</time><speed>1.230</speed><sat>25</sat></trkpt>
  <trkpt lat="59.66692698" lon="10.77234253"><ele>134.606</ele><time>2026-08-20T11:07:14Z</time><speed>1.310</speed><sat>25</sat></trkpt>
  <trkpt lat="59.66693170" lon="10.77232226"><ele>134.474</ele><time>2026-08-20T11:07:15Z</time><speed>1.260</speed><sat>25</sat></trkpt>
  <trkpt lat="59.66693700" lon="10.77230069"><ele>134.256</ele><time>2026-08-20T11:07:16Z</time><speed>1.300</speed><sat>25</sat></trkpt>
  <trkpt lat="59.66694407" lon="10.77228039"><ele>134.847</ele><time>2026-08-20T11:07:17Z</time><speed>1.360</speed><sat>22</sat></trkpt>
  <trkpt lat="59.66695157" lon="10.77225850"><ele>134.798</ele><time>2026-08-20T11:07:18Z</time><speed>1.440</speed><sat>22</sat></trkpt>
  <trkpt lat="59.66695857" lon="10.77223673"><ele>134.580</ele><time>2026-08-20T11:07:19Z</time><speed>1.390</speed><sat>22</sat></trkpt>
  <trkpt lat="59.66696450" lon="10.77221647"><ele>134.493</ele><time>2026-08-20T11:07:20Z</time><speed>1.410</speed><sat>20</sat></trkpt>
  <trkpt lat="59.66697097" lon="10.77219294"><ele>134.762</ele><time>2026-08-20T11:07:21Z</time><speed>1.460</speed><sat>20</sat></trkpt>
  <trkpt lat="59.66697779" lon="10.77217155"><ele>135.018</ele><time>2026-08-20T11:07:22Z</time><speed>1.430</speed><sat>21</sat></trkpt>
  <trkpt lat="59.66698389" lon="10.77214682"><ele>134.693</ele><time>2026-08-20T11:07:23Z</time><speed>1.370</speed><sat>21</sat></trkpt>
  <trkpt lat="59.66698940" lon="10.77212227"><ele>134.630</ele><time>2026-08-20T11:07:24Z</time><speed>1.430</speed><sat>21</sat></trkpt>
  <trkpt lat="59.66699545" lon="10.77210115"><ele>134.769</ele><time>2026-08-20T11:07:25Z</time><speed>1.400</speed><sat>21</sat></trkpt>
  <trkpt lat="59.66700159" lon="10.77208024"><ele>134.771</ele><time>2026-08-20T11:07:26Z</time><speed>1.410</speed><sat>22</sat></trkpt>
  <trkpt lat="59.66700783" lon="10.77205977"><ele>134.858</ele><time>2026-08-20T11:07:27Z</time><speed>1.430</speed><sat>22</sat></trkpt>
  <trkpt lat="59.66701320" lon="10.77203800"><ele>134.745</ele><time>2026-08-20T11:07:28Z</time><speed>1.370</speed><sat>22</sat></trkpt>
  <trkpt lat="59.66701615" lon="10.77201286"><ele>135.202</ele><time>2026-08-20T11:07:29Z</time><speed>1.390</speed><sat>22</sat></trkpt>
  <trkpt lat="59.66701818" lon="10.77199479"><ele>134.772</ele><time>2026-08-20T11:07:30Z</time><speed>1.220</speed><sat>21</sat></trkpt>
  <trkpt lat="59.66702082" lon="10.77197716"><ele>134.751</ele><time>2026-08-20T11:07:31Z</time><speed>1.160</speed><sat>22</sat></trkpt>
  <trkpt lat="59.66702404" lon="10.77195855"><ele>134.587</ele><time>2026-08-20T11:07:32Z</time><speed>1.160</speed><sat>24</sat></trkpt>
  <trkpt lat="59.66702690" lon="10.77193758"><ele>134.626</ele><time>2026-08-20T11:07:33Z</time><speed>1.320</speed><sat>24</sat></trkpt>
  <trkpt lat="59.66702829" lon="10.77191479"><ele>134.030</ele><time>2026-08-20T11:07:34Z</time><speed>1.320</speed><sat>24</sat></trkpt>
  <trkpt lat="59.66703032" lon="10.77189189"><ele>133.813</ele><time>2026-08-20T11:07:35Z</time><speed>1.300</speed><sat>25</sat></trkpt>
  <trkpt lat="59.66703272" lon="10.77186917"><ele>133.755</ele><time>2026-08-20T11:07:36Z</time><speed>1.300</speed><sat>25</sat></trkpt>
  <trkpt lat="59.66703525" lon="10.77184574"><ele>133.780</ele><time>2026-08-20T11:07:37Z</time><speed>1.340</speed><sat>25</sat></trkpt>
  <trkpt lat="59.66703670" lon="10.77182061"><ele>133.745</ele><time>2026-08-20T11:07:38Z</time><speed>1.370</speed><sat>25</sat></trkpt>
  <trkpt lat="59.66703720" lon="10.77179570"><ele>133.306</ele><time>2026-08-20T11:07:39Z</time><speed>1.370</speed><sat>25</sat></trkpt>
  <trkpt lat="59.66703881" lon="10.77177045"><ele>132.950</ele><time>2026-08-20T11:07:40Z</time><speed>1.370</speed><sat>25</sat></trkpt>
  <trkpt lat="59.66704229" lon="10.77174458"><ele>132.873</ele><time>2026-08-20T11:07:41Z</time><speed>1.470</speed><sat>25</sat></trkpt>
  <trkpt lat="59.66704515" lon="10.77171739"><ele>132.721</ele><time>2026-08-20T11:07:42Z</time><speed>1.460</speed><sat>24</sat></trkpt>
  <trkpt lat="59.66704686" lon="10.77169044"><ele>132.753</ele><time>2026-08-20T11:07:43Z</time><speed>1.470</speed><sat>24</sat></trkpt>
  <trkpt lat="59.66704794" lon="10.77166614"><ele>132.772</ele><time>2026-08-20T11:07:44Z</time><speed>1.490</speed><sat>23</sat></trkpt>
  <trkpt lat="59.66704898" lon="10.77164133"><ele>132.587</ele><time>2026-08-20T11:07:45Z</time><speed>1.450</speed><sat>23</sat></trkpt>
  <trkpt lat="59.66705015" lon="10.77161724"><ele>132.420</ele><time>2026-08-20T11:07:46Z</time><speed>1.470</speed><sat>23</sat></trkpt>
  <trkpt lat="59.66705013" lon="10.77159387"><ele>132.132</ele><time>2026-08-20T11:07:47Z</time><speed>1.480</speed><sat>23</sat></trkpt>
  <trkpt lat="59.66705003" lon="10.77157157"><ele>132.161</ele><time>2026-08-20T11:07:48Z</time><speed>1.500</speed><sat>23</sat></trkpt>
  <trkpt lat="59.66704905" lon="10.77154814"><ele>132.116</ele><time>2026-08-20T11:07:49Z</time><speed>1.360</speed><sat>24</sat></trkpt>
  <trkpt lat="59.66704690" lon="10.77152428"><ele>132.510</ele><time>2026-08-20T11:07:50Z</time><speed>1.390</speed><sat>24</sat></trkpt>
  <trkpt lat="59.66704443" lon="10.77149901"><ele>133.024</ele><time>2026-08-20T11:07:51Z</time><speed>1.440</speed><sat>24</sat></trkpt>
  <trkpt lat="59.66704312" lon="10.77147397"><ele>133.017</ele><time>2026-08-20T11:07:52Z</time><speed>1.400</speed><sat>25</sat></trkpt>
  <trkpt lat="59.66703950" lon="10.77145057"><ele>132.714</ele><time>2026-08-20T11:07:53Z</time><speed>1.400</speed><sat>25</sat></trkpt>
  <trkpt lat="59.66703576" lon="10.77142555"><ele>132.422</ele><time>2026-08-20T11:07:54Z</time><speed>1.370</speed><sat>26</sat></trkpt>
  <trkpt lat="59.66703110" lon="10.77139809"><ele>132.082</ele><time>2026-08-20T11:07:55Z</time><speed>1.610</speed><sat>26</sat></trkpt>
  <trkpt lat="59.66702820" lon="10.77137054"><ele>131.971</ele><time>2026-08-20T11:07:56Z</time><speed>1.550</speed><sat>26</sat></trkpt>
  <trkpt lat="59.66702358" lon="10.77134271"><ele>131.813</ele><time>2026-08-20T11:07:57Z</time><speed>1.540</speed><sat>26</sat></trkpt>
  <trkpt lat="59.66701929" lon="10.77131426"><ele>131.760</ele><time>2026-08-20T11:07:58Z</time><speed>1.680</speed><sat>26</sat></trkpt>
  <trkpt lat="59.66701612" lon="10.77128536"><ele>131.568</ele><time>2026-08-20T11:07:59Z</time><speed>1.540</speed><sat>26</sat></trkpt>
  <trkpt lat="59.66701181" lon="10.77125492"><ele>131.416</ele><time>2026-08-20T11:08:00Z</time><speed>1.530</speed><sat>26</sat></trkpt>
  <trkpt lat="59.66700773" lon="10.77122353"><ele>131.497</ele><time>2026-08-20T11:08:01Z</time><speed>1.650</speed><sat>26</sat></trkpt>
  <trkpt lat="59.66700234" lon="10.77119234"><ele>131.496</ele><time>2026-08-20T11:08:02Z</time><speed>1.630</speed><sat>26</sat></trkpt>
  <trkpt lat="59.66699644" lon="10.77116147"><ele>131.033</ele><time>2026-08-20T11:08:03Z</time><speed>1.680</speed><sat>26</sat></trkpt>
  <trkpt lat="59.66699271" lon="10.77113111"><ele>130.905</ele><time>2026-08-20T11:08:04Z</time><speed>1.600</speed><sat>26</sat></trkpt>
  <trkpt lat="59.66699039" lon="10.77109999"><ele>130.979</ele><time>2026-08-20T11:08:05Z</time><speed>1.580</speed><sat>26</sat></trkpt>
  <trkpt lat="59.66698754" lon="10.77106794"><ele>130.295</ele><time>2026-08-20T11:08:06Z</time><speed>1.600</speed><sat>25</sat></trkpt>
  <trkpt lat="59.66698509" lon="10.77103940"><ele>130.501</ele><time>2026-08-20T11:08:07Z</time><speed>1.590</speed><sat>25</sat></trkpt>
  <trkpt lat="59.66698207" lon="10.77101276"><ele>129.937</ele><time>2026-08-20T11:08:08Z</time><speed>1.530</speed><sat>25</sat></trkpt>
  <trkpt lat="59.66697853" lon="10.77098685"><ele>130.396</ele><time>2026-08-20T11:08:09Z</time><speed>1.450</speed><sat>26</sat></trkpt>
  <trkpt lat="59.66697492" lon="10.77096680"><ele>130.858</ele><time>2026-08-20T11:08:10Z</time><speed>1.310</speed><sat>26</sat></trkpt>
  <trkpt lat="59.66697076" lon="10.77094047"><ele>130.977</ele><time>2026-08-20T11:08:11Z</time><speed>1.650</speed><sat>26</sat></trkpt>
  <trkpt lat="59.66696828" lon="10.77091103"><ele>131.057</ele><time>2026-08-20T11:08:12Z</time><speed>1.660</speed><sat>26</sat></trkpt>
  <trkpt lat="59.66696731" lon="10.77088310"><ele>130.979</ele><time>2026-08-20T11:08:13Z</time><speed>1.600</speed><sat>26</sat></trkpt>
  <trkpt lat="59.66696503" lon="10.77085434"><ele>130.841</ele><time>2026-08-20T11:08:14Z</time><speed>1.610</speed><sat>26</sat></trkpt>
  <trkpt lat="59.66696356" lon="10.77082617"><ele>130.785</ele><time>2026-08-20T11:08:15Z</time><speed>1.510</speed><sat>26</sat></trkpt>
  <trkpt lat="59.66696284" lon="10.77079931"><ele>131.164</ele><time>2026-08-20T11:08:16Z</time><speed>1.580</speed><sat>26</sat></trkpt>
  <trkpt lat="59.66696270" lon="10.77077347"><ele>131.691</ele><time>2026-08-20T11:08:17Z</time><speed>1.500</speed><sat>26</sat></trkpt>
  <trkpt lat="59.66696212" lon="10.77074451"><ele>131.698</ele><time>2026-08-20T11:08:18Z</time><speed>1.560</speed><sat>26</sat></trkpt>
  <trkpt lat="59.66696078" lon="10.77071603"><ele>131.814</ele><time>2026-08-20T11:08:19Z</time><speed>1.530</speed><sat>26</sat></trkpt>
  <trkpt lat="59.66696114" lon="10.77068838"><ele>132.490</ele><time>2026-08-20T11:08:20Z</time><speed>1.490</speed><sat>26</sat></trkpt>
  <trkpt lat="59.66696353" lon="10.77066968"><ele>132.690</ele><time>2026-08-20T11:08:21Z</time><speed>1.010</speed><sat>26</sat></trkpt>
  <trkpt lat="59.66696336" lon="10.77066232"><ele>132.440</ele><time>2026-08-20T11:08:22Z</time><speed>0.490</speed><sat>25</sat></trkpt>
  <trkpt lat="59.66696131" lon="10.77066834"><ele>132.895</ele><time>2026-08-20T11:08:23Z</time><speed>0.000</speed><sat>25</sat></trkpt>
  <trkpt lat="59.66696051" lon="10.77066947"><ele>132.840</ele><time>2026-08-20T11:08:24Z</time><speed>0.000</speed><sat>25</sat></trkpt>
  <trkpt lat="59.66696029" lon="10.77066979"><ele>132.843</ele><time>2026-08-20T11:08:25Z</time><speed>0.000</speed><sat>25</sat></trkpt>
  <trkpt lat="59.66696022" lon="10.77066991"><ele>132.846</ele><time>2026-08-20T11:08:26Z</time><speed>0.000</speed><sat>25</sat></trkpt>
  <trkpt lat="59.66696020" lon="10.77066996"><ele>132.849</ele><time>2026-08-20T11:08:27Z</time><speed>0.000</speed><sat>24</sat></trkpt>
  <trkpt lat="59.66696019" lon="10.77067001"><ele>132.849</ele><time>2026-08-20T11:08:28Z</time><speed>0.000</speed><sat>24</sat></trkpt>
  <trkpt lat="59.66696018" lon="10.77067005"><ele>132.850</ele><time>2026-08-20T11:08:29Z</time><speed>0.000</speed><sat>25</sat></trkpt>
  <trkpt lat="59.66696017" lon="10.77067009"><ele>132.848</ele><time>2026-08-20T11:08:30Z</time><speed>0.000</speed><sat>23</sat></trkpt>
  <trkpt lat="59.66696016" lon="10.77067011"><ele>132.849</ele><time>2026-08-20T11:08:31Z</time><speed>0.000</speed><sat>23</sat></trkpt>
  <trkpt lat="59.66696015" lon="10.77067011"><ele>132.851</ele><time>2026-08-20T11:08:32Z</time><speed>0.000</speed><sat>22</sat></trkpt>
  <trkpt lat="59.66696016" lon="10.77067013"><ele>132.853</ele><time>2026-08-20T11:08:33Z</time><speed>0.000</speed><sat>22</sat></trkpt>
  <trkpt lat="59.66696016" lon="10.77067010"><ele>132.851</ele><time>2026-08-20T11:08:34Z</time><speed>0.000</speed><sat>23</sat></trkpt>
  <trkpt lat="59.66695920" lon="10.77066700"><ele>132.578</ele><time>2026-08-20T11:08:35Z</time><speed>0.180</speed><sat>23</sat></trkpt>
  <trkpt lat="59.66695636" lon="10.77066827"><ele>132.243</ele><time>2026-08-20T11:08:36Z</time><speed>0.320</speed><sat>23</sat></trkpt>
  <trkpt lat="59.66695589" lon="10.77066719"><ele>131.789</ele><time>2026-08-20T11:08:37Z</time><speed>0.000</speed><sat>25</sat></trkpt>
  <trkpt lat="59.66695768" lon="10.77066531"><ele>131.771</ele><time>2026-08-20T11:08:38Z</time><speed>0.000</speed><sat>25</sat></trkpt>
  <trkpt lat="59.66695806" lon="10.77066480"><ele>131.856</ele><time>2026-08-20T11:08:39Z</time><speed>0.000</speed><sat>25</sat></trkpt>
  <trkpt lat="59.66695814" lon="10.77066456"><ele>131.857</ele><time>2026-08-20T11:08:40Z</time><speed>0.000</speed><sat>25</sat></trkpt>
  <trkpt lat="59.66695814" lon="10.77066444"><ele>131.857</ele><time>2026-08-20T11:08:41Z</time><speed>0.000</speed><sat>26</sat></trkpt>
  <trkpt lat="59.66695345" lon="10.77065562"><ele>131.751</ele><time>2026-08-20T11:08:42Z</time><speed>0.730</speed><sat>26</sat></trkpt>
  <trkpt lat="59.66695119" lon="10.77064298"><ele>131.801</ele><time>2026-08-20T11:08:43Z</time><speed>0.990</speed><sat>26</sat></trkpt>
  <trkpt lat="59.66694751" lon="10.77062286"><ele>131.663</ele><time>2026-08-20T11:08:44Z</time><speed>1.060</speed><sat>26</sat></trkpt>
  <trkpt lat="59.66694415" lon="10.77059919"><ele>131.266</ele><time>2026-08-20T11:08:45Z</time><speed>1.490</speed><sat>26</sat></trkpt>
  <trkpt lat="59.66693782" lon="10.77057209"><ele>131.720</ele><time>2026-08-20T11:08:46Z</time><speed>1.610</speed><sat>26</sat></trkpt>
  <trkpt lat="59.66692968" lon="10.77054958"><ele>131.285</ele><time>2026-08-20T11:08:47Z</time><speed>1.440</speed><sat>25</sat></trkpt>
  <trkpt lat="59.66692080" lon="10.77052472"><ele>130.593</ele><time>2026-08-20T11:08:48Z</time><speed>1.460</speed><sat>25</sat></trkpt>
  <trkpt lat="59.66691409" lon="10.77049517"><ele>130.085</ele><time>2026-08-20T11:08:49Z</time><speed>1.510</speed><sat>25</sat></trkpt>
  <trkpt lat="59.66690703" lon="10.77046174"><ele>129.735</ele><time>2026-08-20T11:08:50Z</time><speed>1.570</speed><sat>25</sat></trkpt>
  <trkpt lat="59.66689940" lon="10.77042848"><ele>129.392</ele><time>2026-08-20T11:08:51Z</time><speed>1.560</speed><sat>26</sat></trkpt>
  <trkpt lat="59.66689477" lon="10.77039672"><ele>129.346</ele><time>2026-08-20T11:08:52Z</time><speed>1.540</speed><sat>25</sat></trkpt>
  <trkpt lat="59.66689010" lon="10.77036883"><ele>128.997</ele><time>2026-08-20T11:08:53Z</time><speed>1.510</speed><sat>25</sat></trkpt>
  <trkpt lat="59.66688692" lon="10.77034297"><ele>129.278</ele><time>2026-08-20T11:08:54Z</time><speed>1.500</speed><sat>24</sat></trkpt>
  <trkpt lat="59.66688556" lon="10.77031282"><ele>128.491</ele><time>2026-08-20T11:08:55Z</time><speed>1.520</speed><sat>25</sat></trkpt>
  <trkpt lat="59.66688426" lon="10.77028503"><ele>128.580</ele><time>2026-08-20T11:08:56Z</time><speed>1.410</speed><sat>24</sat></trkpt>
  <trkpt lat="59.66688188" lon="10.77025828"><ele>128.255</ele><time>2026-08-20T11:08:57Z</time><speed>1.400</speed><sat>24</sat></trkpt>
  <trkpt lat="59.66687634" lon="10.77022990"><ele>128.015</ele><time>2026-08-20T11:08:58Z</time><speed>1.650</speed><sat>24</sat></trkpt>
  <trkpt lat="59.66686950" lon="10.77020290"><ele>128.514</ele><time>2026-08-20T11:08:59Z</time><speed>1.550</speed><sat>24</sat></trkpt>
  <trkpt lat="59.66686312" lon="10.77017905"><ele>127.469</ele><time>2026-08-20T11:09:00Z</time><speed>1.390</speed><sat>24</sat></trkpt>
  <trkpt lat="59.66685893" lon="10.77015286"><ele>127.830</ele><time>2026-08-20T11:09:01Z</time><speed>1.480</speed><sat>24</sat></trkpt>
  <trkpt lat="59.66685414" lon="10.77012607"><ele>128.387</ele><time>2026-08-20T11:09:02Z</time><speed>1.520</speed><sat>25</sat></trkpt>
  <trkpt lat="59.66684890" lon="10.77009756"><ele>128.391</ele><time>2026-08-20T11:09:03Z</time><speed>1.530</speed><sat>26</sat></trkpt>
  <trkpt lat="59.66684344" lon="10.77006992"><ele>128.973</ele><time>2026-08-20T11:09:04Z</time><speed>1.530</speed><sat>26</sat></trkpt>
  <trkpt lat="59.66684085" lon="10.77004585"><ele>127.903</ele><time>2026-08-20T11:09:05Z</time><speed>1.290</speed><sat>26</sat></trkpt>
  <trkpt lat="59.66684017" lon="10.77001823"><ele>127.849</ele><time>2026-08-20T11:09:06Z</time><speed>1.550</speed><sat>27</sat></trkpt>
  <trkpt lat="59.66683745" lon="10.76999244"><ele>128.069</ele><time>2026-08-20T11:09:07Z</time><speed>1.550</speed><sat>27</sat></trkpt>
  <trkpt lat="59.66683471" lon="10.76996929"><ele>128.522</ele><time>2026-08-20T11:09:08Z</time><speed>1.470</speed><sat>26</sat></trkpt>
  <trkpt lat="59.66683167" lon="10.76994405"><ele>128.271</ele><time>2026-08-20T11:09:09Z</time><speed>1.520</speed><sat>26</sat></trkpt>
  <trkpt lat="59.66682847" lon="10.76991510"><ele>128.062</ele><time>2026-08-20T11:09:10Z</time><speed>1.560</speed><sat>26</sat></trkpt>
  <trkpt lat="59.66682465" lon="10.76988882"><ele>128.173</ele><time>2026-08-20T11:09:11Z</time><speed>1.510</speed><sat>26</sat></trkpt>
  <trkpt lat="59.66682045" lon="10.76986250"><ele>128.194</ele><time>2026-08-20T11:09:12Z</time><speed>1.490</speed><sat>25</sat></trkpt>
  <trkpt lat="59.66681634" lon="10.76983630"><ele>127.795</ele><time>2026-08-20T11:09:13Z</time><speed>1.510</speed><sat>25</sat></trkpt>
  <trkpt lat="59.66681072" lon="10.76980940"><ele>128.354</ele><time>2026-08-20T11:09:14Z</time><speed>1.690</speed><sat>26</sat></trkpt>
  <trkpt lat="59.66680683" lon="10.76978381"><ele>128.524</ele><time>2026-08-20T11:09:15Z</time><speed>1.520</speed><sat>26</sat></trkpt>
  <trkpt lat="59.66680261" lon="10.76975326"><ele>127.823</ele><time>2026-08-20T11:09:16Z</time><speed>1.580</speed><sat>26</sat></trkpt>
  <trkpt lat="59.66679839" lon="10.76972441"><ele>127.599</ele><time>2026-08-20T11:09:17Z</time><speed>1.460</speed><sat>26</sat></trkpt>
  <trkpt lat="59.66679577" lon="10.76969898"><ele>128.075</ele><time>2026-08-20T11:09:18Z</time><speed>1.310</speed><sat>26</sat></trkpt>
  <trkpt lat="59.66679323" lon="10.76967394"><ele>128.242</ele><time>2026-08-20T11:09:19Z</time><speed>1.270</speed><sat>26</sat></trkpt>
  <trkpt lat="59.66679016" lon="10.76964585"><ele>127.557</ele><time>2026-08-20T11:09:20Z</time><speed>1.430</speed><sat>26</sat></trkpt>
  <trkpt lat="59.66678722" lon="10.76961985"><ele>126.901</ele><time>2026-08-20T11:09:21Z</time><speed>1.280</speed><sat>26</sat></trkpt>
  <trkpt lat="59.66678656" lon="10.76959779"><ele>127.285</ele><time>2026-08-20T11:09:22Z</time><speed>1.260</speed><sat>26</sat></trkpt>
  <trkpt lat="59.66678532" lon="10.76957276"><ele>127.102</ele><time>2026-08-20T11:09:23Z</time><speed>1.220</speed><sat>25</sat></trkpt>
  <trkpt lat="59.66678159" lon="10.76955199"><ele>126.959</ele><time>2026-08-20T11:09:24Z</time><speed>1.110</speed><sat>25</sat></trkpt>
  <trkpt lat="59.66678419" lon="10.76949536"><ele>126.671</ele><time>2026-08-20T11:09:28Z</time><speed>0.580</speed><sat>23</sat></trkpt>
  <trkpt lat="59.66678446" lon="10.76947846"><ele>127.022</ele><time>2026-08-20T11:09:29Z</time><speed>1.230</speed><sat>22</sat></trkpt>
  <trkpt lat="59.66678397" lon="10.76945785"><ele>126.863</ele><time>2026-08-20T11:09:30Z</time><speed>1.260</speed><sat>25</sat></trkpt>
  <trkpt lat="59.66678401" lon="10.76943384"><ele>126.818</ele><time>2026-08-20T11:09:31Z</time><speed>1.450</speed><sat>25</sat></trkpt>
  <trkpt lat="59.66678350" lon="10.76941011"><ele>127.127</ele><time>2026-08-20T11:09:32Z</time><speed>1.340</speed><sat>25</sat></trkpt>
  <trkpt lat="59.66678366" lon="10.76938857"><ele>126.885</ele><time>2026-08-20T11:09:33Z</time><speed>1.300</speed><sat>25</sat></trkpt>
  <trkpt lat="59.66678553" lon="10.76936862"><ele>127.048</ele><time>2026-08-20T11:09:34Z</time><speed>1.150</speed><sat>25</sat></trkpt>
  <trkpt lat="59.66678732" lon="10.76934878"><ele>126.798</ele><time>2026-08-20T11:09:35Z</time><speed>1.090</speed><sat>25</sat></trkpt>
  <trkpt lat="59.66678521" lon="10.76932882"><ele>127.081</ele><time>2026-08-20T11:09:36Z</time><speed>1.170</speed><sat>25</sat></trkpt>
  <trkpt lat="59.66678283" lon="10.76931146"><ele>127.594</ele><time>2026-08-20T11:09:37Z</time><speed>1.090</speed><sat>25</sat></trkpt>
  <trkpt lat="59.66678001" lon="10.76929290"><ele>127.900</ele><time>2026-08-20T11:09:38Z</time><speed>1.200</speed><sat>25</sat></trkpt>
  <trkpt lat="59.66677616" lon="10.76926782"><ele>128.040</ele><time>2026-08-20T11:09:39Z</time><speed>1.600</speed><sat>26</sat></trkpt>
  <trkpt lat="59.66677314" lon="10.76924210"><ele>127.727</ele><time>2026-08-20T11:09:40Z</time><speed>1.520</speed><sat>27</sat></trkpt>
  <trkpt lat="59.66677017" lon="10.76921697"><ele>127.790</ele><time>2026-08-20T11:09:41Z</time><speed>1.470</speed><sat>27</sat></trkpt>
  <trkpt lat="59.66676672" lon="10.76919093"><ele>127.590</ele><time>2026-08-20T11:09:42Z</time><speed>1.530</speed><sat>27</sat></trkpt>
  <trkpt lat="59.66676326" lon="10.76916553"><ele>127.527</ele><time>2026-08-20T11:09:43Z</time><speed>1.510</speed><sat>27</sat></trkpt>
  <trkpt lat="59.66675880" lon="10.76914004"><ele>127.596</ele><time>2026-08-20T11:09:44Z</time><speed>1.550</speed><sat>27</sat></trkpt>
  <trkpt lat="59.66675418" lon="10.76911273"><ele>127.505</ele><time>2026-08-20T11:09:45Z</time><speed>1.550</speed><sat>27</sat></trkpt>
  <trkpt lat="59.66675101" lon="10.76908629"><ele>127.439</ele><time>2026-08-20T11:09:46Z</time><speed>1.540</speed><sat>23</sat></trkpt>
  <trkpt lat="59.66674721" lon="10.76906085"><ele>127.997</ele><time>2026-08-20T11:09:47Z</time><speed>1.510</speed><sat>22</sat></trkpt>
  <trkpt lat="59.66674368" lon="10.76904257"><ele>128.073</ele><time>2026-08-20T11:09:48Z</time><speed>1.360</speed><sat>24</sat></trkpt>
  <trkpt lat="59.66673987" lon="10.76902107"><ele>128.069</ele><time>2026-08-20T11:09:49Z</time><speed>1.510</speed><sat>24</sat></trkpt>
  <trkpt lat="59.66673605" lon="10.76899677"><ele>127.751</ele><time>2026-08-20T11:09:50Z</time><speed>1.540</speed><sat>24</sat></trkpt>
  <trkpt lat="59.66673261" lon="10.76897111"><ele>127.605</ele><time>2026-08-20T11:09:51Z</time><speed>1.550</speed><sat>24</sat></trkpt>
  <trkpt lat="59.66672964" lon="10.76895081"><ele>127.846</ele><time>2026-08-20T11:09:52Z</time><speed>1.470</speed><sat>24</sat></trkpt>
  <trkpt lat="59.66672540" lon="10.76892579"><ele>127.771</ele><time>2026-08-20T11:09:53Z</time><speed>1.550</speed><sat>24</sat></trkpt>
  <trkpt lat="59.66672014" lon="10.76889804"><ele>127.420</ele><time>2026-08-20T11:09:54Z</time><speed>1.610</speed><sat>23</sat></trkpt>
  <trkpt lat="59.66671570" lon="10.76887020"><ele>127.370</ele><time>2026-08-20T11:09:55Z</time><speed>1.550</speed><sat>23</sat></trkpt>
  <trkpt lat="59.66671087" lon="10.76884344"><ele>127.065</ele><time>2026-08-20T11:09:56Z</time><speed>1.570</speed><sat>23</sat></trkpt>
  <trkpt lat="59.66670630" lon="10.76881671"><ele>127.218</ele><time>2026-08-20T11:09:57Z</time><speed>1.560</speed><sat>23</sat></trkpt>
  <trkpt lat="59.66670150" lon="10.76878996"><ele>127.464</ele><time>2026-08-20T11:09:58Z</time><speed>1.570</speed><sat>23</sat></trkpt>
  <trkpt lat="59.66669565" lon="10.76876273"><ele>127.694</ele><time>2026-08-20T11:09:59Z</time><speed>1.590</speed><sat>23</sat></trkpt>
  <trkpt lat="59.66668893" lon="10.76873814"><ele>127.528</ele><time>2026-08-20T11:10:00Z</time><speed>1.560</speed><sat>23</sat></trkpt>
  <trkpt lat="59.66668229" lon="10.76871469"><ele>127.668</ele><time>2026-08-20T11:10:01Z</time><speed>1.560</speed><sat>22</sat></trkpt>
  <trkpt lat="59.66667687" lon="10.76869487"><ele>127.508</ele><time>2026-08-20T11:10:02Z</time><speed>1.270</speed><sat>21</sat></trkpt>
  <trkpt lat="59.66667324" lon="10.76867349"><ele>127.241</ele><time>2026-08-20T11:10:03Z</time><speed>1.350</speed><sat>23</sat></trkpt>
  <trkpt lat="59.66666919" lon="10.76865034"><ele>127.462</ele><time>2026-08-20T11:10:04Z</time><speed>1.380</speed><sat>22</sat></trkpt>
  <trkpt lat="59.66666444" lon="10.76862395"><ele>127.740</ele><time>2026-08-20T11:10:05Z</time><speed>1.570</speed><sat>23</sat></trkpt>
  <trkpt lat="59.66666018" lon="10.76859749"><ele>127.754</ele><time>2026-08-20T11:10:06Z</time><speed>1.550</speed><sat>23</sat></trkpt>
  <trkpt lat="59.66665554" lon="10.76857210"><ele>128.271</ele><time>2026-08-20T11:10:07Z</time><speed>1.490</speed><sat>23</sat></trkpt>
  <trkpt lat="59.66664932" lon="10.76854546"><ele>128.575</ele><time>2026-08-20T11:10:08Z</time><speed>1.560</speed><sat>23</sat></trkpt>
  <trkpt lat="59.66664514" lon="10.76851986"><ele>129.101</ele><time>2026-08-20T11:10:09Z</time><speed>1.600</speed><sat>22</sat></trkpt>
  <trkpt lat="59.66664075" lon="10.76849262"><ele>129.801</ele><time>2026-08-20T11:10:10Z</time><speed>1.610</speed><sat>25</sat></trkpt>
  <trkpt lat="59.66663604" lon="10.76846231"><ele>130.341</ele><time>2026-08-20T11:10:11Z</time><speed>1.630</speed><sat>25</sat></trkpt>
  <trkpt lat="59.66663106" lon="10.76843234"><ele>130.269</ele><time>2026-08-20T11:10:12Z</time><speed>1.610</speed><sat>25</sat></trkpt>
  <trkpt lat="59.66662579" lon="10.76840067"><ele>130.121</ele><time>2026-08-20T11:10:13Z</time><speed>1.670</speed><sat>25</sat></trkpt>
  <trkpt lat="59.66661927" lon="10.76837068"><ele>130.149</ele><time>2026-08-20T11:10:14Z</time><speed>1.620</speed><sat>25</sat></trkpt>
  <trkpt lat="59.66661337" lon="10.76834362"><ele>130.167</ele><time>2026-08-20T11:10:15Z</time><speed>1.570</speed><sat>25</sat></trkpt>
  <trkpt lat="59.66660763" lon="10.76831365"><ele>130.245</ele><time>2026-08-20T11:10:16Z</time><speed>1.650</speed><sat>23</sat></trkpt>
  <trkpt lat="59.66660281" lon="10.76828138"><ele>129.766</ele><time>2026-08-20T11:10:17Z</time><speed>1.640</speed><sat>23</sat></trkpt>
  <trkpt lat="59.66659878" lon="10.76824799"><ele>129.421</ele><time>2026-08-20T11:10:18Z</time><speed>1.650</speed><sat>23</sat></trkpt>
  <trkpt lat="59.66659490" lon="10.76821694"><ele>129.232</ele><time>2026-08-20T11:10:19Z</time><speed>1.610</speed><sat>23</sat></trkpt>
  <trkpt lat="59.66659070" lon="10.76818756"><ele>129.183</ele><time>2026-08-20T11:10:20Z</time><speed>1.620</speed><sat>21</sat></trkpt>
  <trkpt lat="59.66658839" lon="10.76815375"><ele>129.322</ele><time>2026-08-20T11:10:21Z</time><speed>1.650</speed><sat>18</sat></trkpt>
  <trkpt lat="59.66658690" lon="10.76812671"><ele>129.358</ele><time>2026-08-20T11:10:22Z</time><speed>1.670</speed><sat>23</sat></trkpt>
  <trkpt lat="59.66658745" lon="10.76809730"><ele>129.316</ele><time>2026-08-20T11:10:23Z</time><speed>1.540</speed><sat>23</sat></trkpt>
  <trkpt lat="59.66658786" lon="10.76806600"><ele>129.291</ele><time>2026-08-20T11:10:24Z</time><speed>1.570</speed><sat>23</sat></trkpt>
  <trkpt lat="59.66658693" lon="10.76803541"><ele>128.564</ele><time>2026-08-20T11:10:25Z</time><speed>1.560</speed><sat>23</sat></trkpt>
  <trkpt lat="59.66658510" lon="10.76800369"><ele>128.310</ele><time>2026-08-20T11:10:26Z</time><speed>1.570</speed><sat>24</sat></trkpt>
  <trkpt lat="59.66658249" lon="10.76797539"><ele>128.536</ele><time>2026-08-20T11:10:27Z</time><speed>1.600</speed><sat>24</sat></trkpt>
  <trkpt lat="59.66657905" lon="10.76794666"><ele>128.570</ele><time>2026-08-20T11:10:28Z</time><speed>1.610</speed><sat>25</sat></trkpt>
  <trkpt lat="59.66657635" lon="10.76791791"><ele>128.395</ele><time>2026-08-20T11:10:29Z</time><speed>1.620</speed><sat>25</sat></trkpt>
  <trkpt lat="59.66657483" lon="10.76788912"><ele>128.182</ele><time>2026-08-20T11:10:30Z</time><speed>1.580</speed><sat>25</sat></trkpt>
  <trkpt lat="59.66657338" lon="10.76786099"><ele>128.140</ele><time>2026-08-20T11:10:31Z</time><speed>1.550</speed><sat>25</sat></trkpt>
  <trkpt lat="59.66657229" lon="10.76783781"><ele>128.221</ele><time>2026-08-20T11:10:32Z</time><speed>1.400</speed><sat>25</sat></trkpt>
  <trkpt lat="59.66657064" lon="10.76781124"><ele>127.748</ele><time>2026-08-20T11:10:33Z</time><speed>1.580</speed><sat>24</sat></trkpt>
  <trkpt lat="59.66656849" lon="10.76778455"><ele>126.894</ele><time>2026-08-20T11:10:34Z</time><speed>1.550</speed><sat>25</sat></trkpt>
  <trkpt lat="59.66656466" lon="10.76776034"><ele>127.233</ele><time>2026-08-20T11:10:35Z</time><speed>1.490</speed><sat>26</sat></trkpt>
  <trkpt lat="59.66656376" lon="10.76774051"><ele>127.731</ele><time>2026-08-20T11:10:36Z</time><speed>1.270</speed><sat>25</sat></trkpt>
  <trkpt lat="59.66656418" lon="10.76771571"><ele>128.001</ele><time>2026-08-20T11:10:37Z</time><speed>1.440</speed><sat>26</sat></trkpt>
  <trkpt lat="59.66656140" lon="10.76769664"><ele>127.853</ele><time>2026-08-20T11:10:38Z</time><speed>0.960</speed><sat>26</sat></trkpt>
  <trkpt lat="59.66655797" lon="10.76767251"><ele>127.739</ele><time>2026-08-20T11:10:39Z</time><speed>1.440</speed><sat>26</sat></trkpt>
  <trkpt lat="59.66655286" lon="10.76764622"><ele>127.643</ele><time>2026-08-20T11:10:40Z</time><speed>1.360</speed><sat>26</sat></trkpt>
  <trkpt lat="59.66654550" lon="10.76762104"><ele>127.454</ele><time>2026-08-20T11:10:41Z</time><speed>1.360</speed><sat>26</sat></trkpt>
  <trkpt lat="59.66654060" lon="10.76759726"><ele>126.935</ele><time>2026-08-20T11:10:42Z</time><speed>1.380</speed><sat>25</sat></trkpt>
  <trkpt lat="59.66653819" lon="10.76756990"><ele>126.947</ele><time>2026-08-20T11:10:43Z</time><speed>1.370</speed><sat>24</sat></trkpt>
  <trkpt lat="59.66653539" lon="10.76754623"><ele>126.624</ele><time>2026-08-20T11:10:44Z</time><speed>1.240</speed><sat>25</sat></trkpt>
  <trkpt lat="59.66653132" lon="10.76752202"><ele>126.051</ele><time>2026-08-20T11:10:45Z</time><speed>1.230</speed><sat>25</sat></trkpt>
  <trkpt lat="59.66652663" lon="10.76749684"><ele>125.818</ele><time>2026-08-20T11:10:46Z</time><speed>1.230</speed><sat>25</sat></trkpt>
  <trkpt lat="59.66652497" lon="10.76748208"><ele>126.023</ele><time>2026-08-20T11:10:47Z</time><speed>0.710</speed><sat>25</sat></trkpt>
  <trkpt lat="59.66652356" lon="10.76747856"><ele>125.589</ele><time>2026-08-20T11:10:48Z</time><speed>0.000</speed><sat>24</sat></trkpt>
  <trkpt lat="59.66652253" lon="10.76747679"><ele>126.943</ele><time>2026-08-20T11:10:49Z</time><speed>0.000</speed><sat>24</sat></trkpt>
  <trkpt lat="59.66652208" lon="10.76747602"><ele>126.920</ele><time>2026-08-20T11:10:50Z</time><speed>0.000</speed><sat>25</sat></trkpt>
  <trkpt lat="59.66652194" lon="10.76747577"><ele>126.920</ele><time>2026-08-20T11:10:51Z</time><speed>0.000</speed><sat>25</sat></trkpt>
  <trkpt lat="59.66652187" lon="10.76747567"><ele>126.925</ele><time>2026-08-20T11:10:52Z</time><speed>0.000</speed><sat>25</sat></trkpt>
  <trkpt lat="59.66652182" lon="10.76747559"><ele>126.927</ele><time>2026-08-20T11:10:53Z</time><speed>0.000</speed><sat>25</sat></trkpt>
  <trkpt lat="59.66652178" lon="10.76747555"><ele>126.923</ele><time>2026-08-20T11:10:54Z</time><speed>0.000</speed><sat>25</sat></trkpt>
  <trkpt lat="59.66652172" lon="10.76747551"><ele>126.928</ele><time>2026-08-20T11:10:55Z</time><speed>0.000</speed><sat>25</sat></trkpt>
  <trkpt lat="59.66652167" lon="10.76747545"><ele>126.937</ele><time>2026-08-20T11:10:56Z</time><speed>0.000</speed><sat>25</sat></trkpt>
  <trkpt lat="59.66652161" lon="10.76747539"><ele>126.939</ele><time>2026-08-20T11:10:57Z</time><speed>0.000</speed><sat>25</sat></trkpt>
  <trkpt lat="59.66652155" lon="10.76747536"><ele>126.940</ele><time>2026-08-20T11:10:58Z</time><speed>0.000</speed><sat>25</sat></trkpt>
  <trkpt lat="59.66652152" lon="10.76747535"><ele>126.935</ele><time>2026-08-20T11:10:59Z</time><speed>0.000</speed><sat>25</sat></trkpt>
  <trkpt lat="59.66652145" lon="10.76747533"><ele>126.927</ele><time>2026-08-20T11:11:00Z</time><speed>0.000</speed><sat>25</sat></trkpt>
  <trkpt lat="59.66652140" lon="10.76747528"><ele>126.924</ele><time>2026-08-20T11:11:01Z</time><speed>0.000</speed><sat>25</sat></trkpt>
  <trkpt lat="59.66652134" lon="10.76747519"><ele>126.915</ele><time>2026-08-20T11:11:02Z</time><speed>0.000</speed><sat>23</sat></trkpt>
  <trkpt lat="59.66652130" lon="10.76747516"><ele>126.911</ele><time>2026-08-20T11:11:03Z</time><speed>0.000</speed><sat>24</sat></trkpt>
  <trkpt lat="59.66652127" lon="10.76747515"><ele>126.911</ele><time>2026-08-20T11:11:04Z</time><speed>0.000</speed><sat>24</sat></trkpt>
  <trkpt lat="59.66652125" lon="10.76747518"><ele>126.918</ele><time>2026-08-20T11:11:05Z</time><speed>0.000</speed><sat>25</sat></trkpt>
  <trkpt lat="59.66652122" lon="10.76747518"><ele>126.921</ele><time>2026-08-20T11:11:06Z</time><speed>0.000</speed><sat>25</sat></trkpt>
  <trkpt lat="59.66652119" lon="10.76747518"><ele>126.929</ele><time>2026-08-20T11:11:07Z</time><speed>0.000</speed><sat>25</sat></trkpt>
  <trkpt lat="59.66652115" lon="10.76747515"><ele>126.923</ele><time>2026-08-20T11:11:08Z</time><speed>0.000</speed><sat>25</sat></trkpt>
  <trkpt lat="59.66652112" lon="10.76747513"><ele>126.916</ele><time>2026-08-20T11:11:09Z</time><speed>0.000</speed><sat>25</sat></trkpt>
  <trkpt lat="59.66652108" lon="10.76747506"><ele>126.913</ele><time>2026-08-20T11:11:10Z</time><speed>0.000</speed><sat>25</sat></trkpt>
  <trkpt lat="59.66652106" lon="10.76747504"><ele>126.912</ele><time>2026-08-20T11:11:11Z</time><speed>0.000</speed><sat>25</sat></trkpt>
  <trkpt lat="59.66652102" lon="10.76747503"><ele>126.915</ele><time>2026-08-20T11:11:12Z</time><speed>0.000</speed><sat>25</sat></trkpt>
  <trkpt lat="59.66652098" lon="10.76747498"><ele>126.918</ele><time>2026-08-20T11:11:13Z</time><speed>0.000</speed><sat>23</sat></trkpt>
  <trkpt lat="59.66652094" lon="10.76747494"><ele>126.923</ele><time>2026-08-20T11:11:14Z</time><speed>0.000</speed><sat>22</sat></trkpt>
  <trkpt lat="59.66652092" lon="10.76747487"><ele>126.925</ele><time>2026-08-20T11:11:15Z</time><speed>0.000</speed><sat>24</sat></trkpt>
  <trkpt lat="59.66652089" lon="10.76747483"><ele>126.926</ele><time>2026-08-20T11:11:16Z</time><speed>0.000</speed><sat>24</sat></trkpt>
  <trkpt lat="59.66652088" lon="10.76747481"><ele>126.923</ele><time>2026-08-20T11:11:17Z</time><speed>0.000</speed><sat>24</sat></trkpt>
  <trkpt lat="59.66652087" lon="10.76747480"><ele>126.922</ele><time>2026-08-20T11:11:18Z</time><speed>0.000</speed><sat>24</sat></trkpt>
  <trkpt lat="59.66652085" lon="10.76747478"><ele>126.922</ele><time>2026-08-20T11:11:19Z</time><speed>0.000</speed><sat>23</sat></trkpt>
  <trkpt lat="59.66652084" lon="10.76747476"><ele>126.924</ele><time>2026-08-20T11:11:20Z</time><speed>0.000</speed><sat>23</sat></trkpt>
  <trkpt lat="59.66652082" lon="10.76747473"><ele>126.924</ele><time>2026-08-20T11:11:21Z</time><speed>0.000</speed><sat>21</sat></trkpt>
  <trkpt lat="59.66652079" lon="10.76747470"><ele>126.925</ele><time>2026-08-20T11:11:22Z</time><speed>0.000</speed><sat>20</sat></trkpt>
  <trkpt lat="59.66652074" lon="10.76747471"><ele>126.927</ele><time>2026-08-20T11:11:23Z</time><speed>0.000</speed><sat>20</sat></trkpt>
  <trkpt lat="59.66652069" lon="10.76747472"><ele>126.925</ele><time>2026-08-20T11:11:24Z</time><speed>0.000</speed><sat>21</sat></trkpt>
  <trkpt lat="59.66652066" lon="10.76747478"><ele>126.926</ele><time>2026-08-20T11:11:25Z</time><speed>0.000</speed><sat>22</sat></trkpt>
  <trkpt lat="59.66652065" lon="10.76747481"><ele>126.927</ele><time>2026-08-20T11:11:26Z</time><speed>0.000</speed><sat>22</sat></trkpt>
  <trkpt lat="59.66651843" lon="10.76747553"><ele>127.194</ele><time>2026-08-20T11:11:27Z</time><speed>0.000</speed><sat>22</sat></trkpt>
  <trkpt lat="59.66651798" lon="10.76747988"><ele>127.034</ele><time>2026-08-20T11:11:28Z</time><speed>0.000</speed><sat>24</sat></trkpt>
  <trkpt lat="59.66651810" lon="10.76748176"><ele>127.083</ele><time>2026-08-20T11:11:29Z</time><speed>0.000</speed><sat>24</sat></trkpt>
  <trkpt lat="59.66652157" lon="10.76748752"><ele>126.952</ele><time>2026-08-20T11:11:30Z</time><speed>0.000</speed><sat>24</sat></trkpt>
  <trkpt lat="59.66652258" lon="10.76748894"><ele>126.873</ele><time>2026-08-20T11:11:31Z</time><speed>0.000</speed><sat>25</sat></trkpt>
  <trkpt lat="59.66652282" lon="10.76748931"><ele>126.880</ele><time>2026-08-20T11:11:32Z</time><speed>0.000</speed><sat>25</sat></trkpt>
  <trkpt lat="59.66652078" lon="10.76748989"><ele>127.256</ele><time>2026-08-20T11:11:33Z</time><speed>0.000</speed><sat>25</sat></trkpt>
  <trkpt lat="59.66652001" lon="10.76748960"><ele>127.276</ele><time>2026-08-20T11:11:34Z</time><speed>0.000</speed><sat>24</sat></trkpt>
  <trkpt lat="59.66651975" lon="10.76748950"><ele>127.276</ele><time>2026-08-20T11:11:35Z</time><speed>0.000</speed><sat>24</sat></trkpt>
  <trkpt lat="59.66651969" lon="10.76748947"><ele>127.276</ele><time>2026-08-20T11:11:36Z</time><speed>0.000</speed><sat>25</sat></trkpt>
  <trkpt lat="59.66651968" lon="10.76748946"><ele>127.282</ele><time>2026-08-20T11:11:37Z</time><speed>0.000</speed><sat>24</sat></trkpt>
  <trkpt lat="59.66651939" lon="10.76748468"><ele>127.125</ele><time>2026-08-20T11:11:38Z</time><speed>0.310</speed><sat>24</sat></trkpt>
  <trkpt lat="59.66651928" lon="10.76747797"><ele>126.693</ele><time>2026-08-20T11:11:39Z</time><speed>0.000</speed><sat>24</sat></trkpt>
  <trkpt lat="59.66651906" lon="10.76747501"><ele>126.692</ele><time>2026-08-20T11:11:40Z</time><speed>0.000</speed><sat>24</sat></trkpt>
  <trkpt lat="59.66651692" lon="10.76745766"><ele>126.658</ele><time>2026-08-20T11:11:41Z</time><speed>0.860</speed><sat>24</sat></trkpt>
  <trkpt lat="59.66651411" lon="10.76743209"><ele>126.764</ele><time>2026-08-20T11:11:42Z</time><speed>1.430</speed><sat>23</sat></trkpt>
  <trkpt lat="59.66651011" lon="10.76740504"><ele>126.619</ele><time>2026-08-20T11:11:43Z</time><speed>1.440</speed><sat>24</sat></trkpt>
  <trkpt lat="59.66650616" lon="10.76737696"><ele>126.518</ele><time>2026-08-20T11:11:44Z</time><speed>1.540</speed><sat>24</sat></trkpt>
  <trkpt lat="59.66650253" lon="10.76734745"><ele>126.114</ele><time>2026-08-20T11:11:45Z</time><speed>1.370</speed><sat>24</sat></trkpt>
  <trkpt lat="59.66650000" lon="10.76732290"><ele>125.762</ele><time>2026-08-20T11:11:46Z</time><speed>1.150</speed><sat>25</sat></trkpt>
  <trkpt lat="59.66649676" lon="10.76730039"><ele>125.989</ele><time>2026-08-20T11:11:47Z</time><speed>1.250</speed><sat>25</sat></trkpt>
  <trkpt lat="59.66649673" lon="10.76729751"><ele>125.975</ele><time>2026-08-20T11:11:48Z</time><speed>0.000</speed><sat>25</sat></trkpt>
  <trkpt lat="59.66649671" lon="10.76729518"><ele>125.941</ele><time>2026-08-20T11:11:49Z</time><speed>0.000</speed><sat>25</sat></trkpt>
  <trkpt lat="59.66649419" lon="10.76728619"><ele>125.785</ele><time>2026-08-20T11:11:50Z</time><speed>0.610</speed><sat>25</sat></trkpt>
  <trkpt lat="59.66648834" lon="10.76726966"><ele>126.281</ele><time>2026-08-20T11:11:51Z</time><speed>1.220</speed><sat>25</sat></trkpt>
  <trkpt lat="59.66648208" lon="10.76725157"><ele>126.366</ele><time>2026-08-20T11:11:52Z</time><speed>1.130</speed><sat>25</sat></trkpt>
  <trkpt lat="59.66647732" lon="10.76723760"><ele>126.251</ele><time>2026-08-20T11:11:53Z</time><speed>0.950</speed><sat>25</sat></trkpt>
  <trkpt lat="59.66647382" lon="10.76722884"><ele>125.993</ele><time>2026-08-20T11:11:54Z</time><speed>0.500</speed><sat>26</sat></trkpt>
  <trkpt lat="59.66647290" lon="10.76722526"><ele>125.978</ele><time>2026-08-20T11:11:55Z</time><speed>0.000</speed><sat>26</sat></trkpt>
  <trkpt lat="59.66647260" lon="10.76721993"><ele>126.886</ele><time>2026-08-20T11:11:56Z</time><speed>0.290</speed><sat>26</sat></trkpt>
  <trkpt lat="59.66647351" lon="10.76721447"><ele>126.369</ele><time>2026-08-20T11:11:57Z</time><speed>0.210</speed><sat>26</sat></trkpt>
  <trkpt lat="59.66647788" lon="10.76721147"><ele>127.076</ele><time>2026-08-20T11:11:58Z</time><speed>0.000</speed><sat>25</sat></trkpt>
  <trkpt lat="59.66647846" lon="10.76720929"><ele>126.855</ele><time>2026-08-20T11:11:59Z</time><speed>0.160</speed><sat>25</sat></trkpt>
  <trkpt lat="59.66647708" lon="10.76721009"><ele>126.827</ele><time>2026-08-20T11:12:00Z</time><speed>0.320</speed><sat>25</sat></trkpt>
  <trkpt lat="59.66647651" lon="10.76721116"><ele>126.862</ele><time>2026-08-20T11:12:01Z</time><speed>0.000</speed><sat>22</sat></trkpt>
  <trkpt lat="59.66647249" lon="10.76719492"><ele>126.405</ele><time>2026-08-20T11:12:02Z</time><speed>1.110</speed><sat>20</sat></trkpt>
  <trkpt lat="59.66646600" lon="10.76717201"><ele>126.127</ele><time>2026-08-20T11:12:03Z</time><speed>1.250</speed><sat>20</sat></trkpt>
  <trkpt lat="59.66646032" lon="10.76715039"><ele>125.559</ele><time>2026-08-20T11:12:04Z</time><speed>1.090</speed><sat>24</sat></trkpt>
  <trkpt lat="59.66645404" lon="10.76712832"><ele>125.391</ele><time>2026-08-20T11:12:05Z</time><speed>1.270</speed><sat>25</sat></trkpt>
  <trkpt lat="59.66644832" lon="10.76710612"><ele>124.969</ele><time>2026-08-20T11:12:06Z</time><speed>1.240</speed><sat>25</sat></trkpt>
  <trkpt lat="59.66644251" lon="10.76708613"><ele>124.698</ele><time>2026-08-20T11:12:07Z</time><speed>1.180</speed><sat>25</sat></trkpt>
  <trkpt lat="59.66643748" lon="10.76707021"><ele>124.825</ele><time>2026-08-20T11:12:08Z</time><speed>1.080</speed><sat>25</sat></trkpt>
  <trkpt lat="59.66643287" lon="10.76705386"><ele>124.599</ele><time>2026-08-20T11:12:09Z</time><speed>1.090</speed><sat>25</sat></trkpt>
  <trkpt lat="59.66643043" lon="10.76704630"><ele>124.733</ele><time>2026-08-20T11:12:10Z</time><speed>0.510</speed><sat>21</sat></trkpt>
  <trkpt lat="59.66643143" lon="10.76704861"><ele>124.745</ele><time>2026-08-20T11:12:11Z</time><speed>0.000</speed><sat>22</sat></trkpt>
  <trkpt lat="59.66643176" lon="10.76704946"><ele>124.750</ele><time>2026-08-20T11:12:12Z</time><speed>0.000</speed><sat>23</sat></trkpt>
  <trkpt lat="59.66643282" lon="10.76705174"><ele>124.306</ele><time>2026-08-20T11:12:13Z</time><speed>0.000</speed><sat>23</sat></trkpt>
  <trkpt lat="59.66643297" lon="10.76705222"><ele>124.302</ele><time>2026-08-20T11:12:14Z</time><speed>0.000</speed><sat>23</sat></trkpt>
  <trkpt lat="59.66643303" lon="10.76705232"><ele>124.308</ele><time>2026-08-20T11:12:15Z</time><speed>0.000</speed><sat>23</sat></trkpt>
  <trkpt lat="59.66643306" lon="10.76705234"><ele>124.316</ele><time>2026-08-20T11:12:16Z</time><speed>0.000</speed><sat>24</sat></trkpt>
  <trkpt lat="59.66643308" lon="10.76705235"><ele>124.316</ele><time>2026-08-20T11:12:17Z</time><speed>0.000</speed><sat>25</sat></trkpt>
  <trkpt lat="59.66643308" lon="10.76705232"><ele>124.313</ele><time>2026-08-20T11:12:18Z</time><speed>0.000</speed><sat>25</sat></trkpt>
  <trkpt lat="59.66643312" lon="10.76705237"><ele>124.316</ele><time>2026-08-20T11:12:19Z</time><speed>0.000</speed><sat>25</sat></trkpt>
  <trkpt lat="59.66643315" lon="10.76705241"><ele>124.316</ele><time>2026-08-20T11:12:20Z</time><speed>0.000</speed><sat>25</sat></trkpt>
  <trkpt lat="59.66643320" lon="10.76705256"><ele>124.319</ele><time>2026-08-20T11:12:21Z</time><speed>0.000</speed><sat>25</sat></trkpt>
  <trkpt lat="59.66643322" lon="10.76705260"><ele>124.315</ele><time>2026-08-20T11:12:22Z</time><speed>0.000</speed><sat>25</sat></trkpt>
  <trkpt lat="59.66643326" lon="10.76705269"><ele>124.319</ele><time>2026-08-20T11:12:23Z</time><speed>0.000</speed><sat>24</sat></trkpt>
  <trkpt lat="59.66643325" lon="10.76705268"><ele>124.315</ele><time>2026-08-20T11:12:24Z</time><speed>0.000</speed><sat>24</sat></trkpt>
  <trkpt lat="59.66643479" lon="10.76704745"><ele>124.183</ele><time>2026-08-20T11:12:25Z</time><speed>0.300</speed><sat>23</sat></trkpt>
  <trkpt lat="59.66643495" lon="10.76704449"><ele>124.280</ele><time>2026-08-20T11:12:26Z</time><speed>0.300</speed><sat>24</sat></trkpt>
  <trkpt lat="59.66643163" lon="10.76703702"><ele>124.256</ele><time>2026-08-20T11:12:27Z</time><speed>0.620</speed><sat>24</sat></trkpt>
  <trkpt lat="59.66642487" lon="10.76702252"><ele>124.140</ele><time>2026-08-20T11:12:28Z</time><speed>0.830</speed><sat>24</sat></trkpt>
  <trkpt lat="59.66641977" lon="10.76700139"><ele>124.243</ele><time>2026-08-20T11:12:29Z</time><speed>0.990</speed><sat>25</sat></trkpt>
  <trkpt lat="59.66641337" lon="10.76697799"><ele>123.674</ele><time>2026-08-20T11:12:30Z</time><speed>1.100</speed><sat>25</sat></trkpt>
  <trkpt lat="59.66640715" lon="10.76695607"><ele>123.612</ele><time>2026-08-20T11:12:31Z</time><speed>1.200</speed><sat>25</sat></trkpt>
  <trkpt lat="59.66640090" lon="10.76693761"><ele>124.283</ele><time>2026-08-20T11:12:32Z</time><speed>1.130</speed><sat>25</sat></trkpt>
  <trkpt lat="59.66639841" lon="10.76691845"><ele>124.534</ele><time>2026-08-20T11:12:33Z</time><speed>0.990</speed><sat>25</sat></trkpt>
  <trkpt lat="59.66639961" lon="10.76689935"><ele>124.277</ele><time>2026-08-20T11:12:34Z</time><speed>0.980</speed><sat>25</sat></trkpt>
  <trkpt lat="59.66640337" lon="10.76687919"><ele>124.187</ele><time>2026-08-20T11:12:35Z</time><speed>1.050</speed><sat>25</sat></trkpt>
  <trkpt lat="59.66641028" lon="10.76685847"><ele>124.322</ele><time>2026-08-20T11:12:36Z</time><speed>1.160</speed><sat>23</sat></trkpt>
  <trkpt lat="59.66641647" lon="10.76683748"><ele>124.037</ele><time>2026-08-20T11:12:37Z</time><speed>1.240</speed><sat>23</sat></trkpt>
  <trkpt lat="59.66642395" lon="10.76681603"><ele>124.300</ele><time>2026-08-20T11:12:38Z</time><speed>1.260</speed><sat>24</sat></trkpt>
  <trkpt lat="59.66642971" lon="10.76679479"><ele>124.403</ele><time>2026-08-20T11:12:39Z</time><speed>1.220</speed><sat>24</sat></trkpt>
  <trkpt lat="59.66643447" lon="10.76677794"><ele>124.071</ele><time>2026-08-20T11:12:40Z</time><speed>1.030</speed><sat>24</sat></trkpt>
  <trkpt lat="59.66643829" lon="10.76676081"><ele>124.236</ele><time>2026-08-20T11:12:41Z</time><speed>1.140</speed><sat>25</sat></trkpt>
  <trkpt lat="59.66644251" lon="10.76673910"><ele>124.106</ele><time>2026-08-20T11:12:42Z</time><speed>1.310</speed><sat>25</sat></trkpt>
  <trkpt lat="59.66644627" lon="10.76672105"><ele>124.189</ele><time>2026-08-20T11:12:43Z</time><speed>1.040</speed><sat>25</sat></trkpt>
  <trkpt lat="59.66645156" lon="10.76670229"><ele>124.611</ele><time>2026-08-20T11:12:44Z</time><speed>1.220</speed><sat>23</sat></trkpt>
  <trkpt lat="59.66645679" lon="10.76668479"><ele>124.522</ele><time>2026-08-20T11:12:45Z</time><speed>1.100</speed><sat>23</sat></trkpt>
  <trkpt lat="59.66646175" lon="10.76666734"><ele>124.349</ele><time>2026-08-20T11:12:46Z</time><speed>1.120</speed><sat>23</sat></trkpt>
  <trkpt lat="59.66646761" lon="10.76664901"><ele>124.135</ele><time>2026-08-20T11:12:47Z</time><speed>1.180</speed><sat>24</sat></trkpt>
  <trkpt lat="59.66647129" lon="10.76662565"><ele>124.254</ele><time>2026-08-20T11:12:48Z</time><speed>1.350</speed><sat>22</sat></trkpt>
  <trkpt lat="59.66647370" lon="10.76660039"><ele>124.042</ele><time>2026-08-20T11:12:49Z</time><speed>1.320</speed><sat>23</sat></trkpt>
  <trkpt lat="59.66647928" lon="10.76657984"><ele>124.159</ele><time>2026-08-20T11:12:50Z</time><speed>1.130</speed><sat>23</sat></trkpt>
  <trkpt lat="59.66648717" lon="10.76655818"><ele>124.204</ele><time>2026-08-20T11:12:51Z</time><speed>1.370</speed><sat>24</sat></trkpt>
  <trkpt lat="59.66649355" lon="10.76653741"><ele>124.525</ele><time>2026-08-20T11:12:52Z</time><speed>1.220</speed><sat>23</sat></trkpt>
  <trkpt lat="59.66649845" lon="10.76651530"><ele>124.167</ele><time>2026-08-20T11:12:53Z</time><speed>1.290</speed><sat>23</sat></trkpt>
  <trkpt lat="59.66650248" lon="10.76649217"><ele>124.215</ele><time>2026-08-20T11:12:54Z</time><speed>1.260</speed><sat>22</sat></trkpt>
  <trkpt lat="59.66650892" lon="10.76647303"><ele>124.672</ele><time>2026-08-20T11:12:55Z</time><speed>1.210</speed><sat>23</sat></trkpt>
  <trkpt lat="59.66651349" lon="10.76646569"><ele>124.641</ele><time>2026-08-20T11:12:56Z</time><speed>0.410</speed><sat>24</sat></trkpt>
  <trkpt lat="59.66651612" lon="10.76645782"><ele>125.193</ele><time>2026-08-20T11:12:57Z</time><speed>0.520</speed><sat>24</sat></trkpt>
  <trkpt lat="59.66651607" lon="10.76645043"><ele>125.373</ele><time>2026-08-20T11:12:58Z</time><speed>0.310</speed><sat>26</sat></trkpt>
  <trkpt lat="59.66651529" lon="10.76644857"><ele>125.331</ele><time>2026-08-20T11:12:59Z</time><speed>0.000</speed><sat>26</sat></trkpt>
  <trkpt lat="59.66651511" lon="10.76644816"><ele>125.339</ele><time>2026-08-20T11:13:00Z</time><speed>0.000</speed><sat>26</sat></trkpt>
  <trkpt lat="59.66651504" lon="10.76644789"><ele>125.345</ele><time>2026-08-20T11:13:01Z</time><speed>0.000</speed><sat>26</sat></trkpt>
  <trkpt lat="59.66651501" lon="10.76644775"><ele>125.350</ele><time>2026-08-20T11:13:02Z</time><speed>0.000</speed><sat>24</sat></trkpt>
  <trkpt lat="59.66651498" lon="10.76644760"><ele>125.347</ele><time>2026-08-20T11:13:03Z</time><speed>0.000</speed><sat>24</sat></trkpt>
  <trkpt lat="59.66651497" lon="10.76644747"><ele>125.349</ele><time>2026-08-20T11:13:04Z</time><speed>0.000</speed><sat>23</sat></trkpt>
  <trkpt lat="59.66651496" lon="10.76644738"><ele>125.351</ele><time>2026-08-20T11:13:05Z</time><speed>0.000</speed><sat>23</sat></trkpt>
  <trkpt lat="59.66651493" lon="10.76644731"><ele>125.358</ele><time>2026-08-20T11:13:06Z</time><speed>0.000</speed><sat>24</sat></trkpt>
  <trkpt lat="59.66651489" lon="10.76644723"><ele>125.361</ele><time>2026-08-20T11:13:07Z</time><speed>0.000</speed><sat>24</sat></trkpt>
  <trkpt lat="59.66651485" lon="10.76644713"><ele>125.362</ele><time>2026-08-20T11:13:08Z</time><speed>0.000</speed><sat>24</sat></trkpt>
  <trkpt lat="59.66651481" lon="10.76644703"><ele>125.362</ele><time>2026-08-20T11:13:09Z</time><speed>0.000</speed><sat>24</sat></trkpt>
  <trkpt lat="59.66651478" lon="10.76644693"><ele>125.366</ele><time>2026-08-20T11:13:10Z</time><speed>0.000</speed><sat>24</sat></trkpt>
  <trkpt lat="59.66651474" lon="10.76644684"><ele>125.360</ele><time>2026-08-20T11:13:11Z</time><speed>0.000</speed><sat>24</sat></trkpt>
  <trkpt lat="59.66651473" lon="10.76644678"><ele>125.359</ele><time>2026-08-20T11:13:12Z</time><speed>0.000</speed><sat>23</sat></trkpt>
  <trkpt lat="59.66651473" lon="10.76644672"><ele>125.359</ele><time>2026-08-20T11:13:13Z</time><speed>0.000</speed><sat>23</sat></trkpt>
  <trkpt lat="59.66651472" lon="10.76644666"><ele>125.365</ele><time>2026-08-20T11:13:14Z</time><speed>0.000</speed><sat>23</sat></trkpt>
  <trkpt lat="59.66651469" lon="10.76644660"><ele>125.365</ele><time>2026-08-20T11:13:15Z</time><speed>0.000</speed><sat>22</sat></trkpt>
  <trkpt lat="59.66651467" lon="10.76644654"><ele>125.364</ele><time>2026-08-20T11:13:16Z</time><speed>0.000</speed><sat>23</sat></trkpt>
  <trkpt lat="59.66651467" lon="10.76644651"><ele>125.363</ele><time>2026-08-20T11:13:17Z</time><speed>0.000</speed><sat>22</sat></trkpt>
  <trkpt lat="59.66651467" lon="10.76644647"><ele>125.360</ele><time>2026-08-20T11:13:18Z</time><speed>0.000</speed><sat>22</sat></trkpt>
  <trkpt lat="59.66651466" lon="10.76644640"><ele>125.362</ele><time>2026-08-20T11:13:19Z</time><speed>0.000</speed><sat>22</sat></trkpt>
  <trkpt lat="59.66651199" lon="10.76643157"><ele>125.087</ele><time>2026-08-20T11:13:20Z</time><speed>0.860</speed><sat>22</sat></trkpt>
  <trkpt lat="59.66650945" lon="10.76641197"><ele>125.189</ele><time>2026-08-20T11:13:21Z</time><speed>1.100</speed><sat>22</sat></trkpt>
  <trkpt lat="59.66650879" lon="10.76639107"><ele>125.140</ele><time>2026-08-20T11:13:22Z</time><speed>1.120</speed><sat>23</sat></trkpt>
  <trkpt lat="59.66650563" lon="10.76636827"><ele>124.516</ele><time>2026-08-20T11:13:23Z</time><speed>1.260</speed><sat>24</sat></trkpt>
  <trkpt lat="59.66650129" lon="10.76634374"><ele>124.180</ele><time>2026-08-20T11:13:24Z</time><speed>1.310</speed><sat>24</sat></trkpt>
  <trkpt lat="59.66649628" lon="10.76631870"><ele>124.606</ele><time>2026-08-20T11:13:25Z</time><speed>1.380</speed><sat>25</sat></trkpt>
  <trkpt lat="59.66649058" lon="10.76629619"><ele>124.582</ele><time>2026-08-20T11:13:26Z</time><speed>1.320</speed><sat>25</sat></trkpt>
  <trkpt lat="59.66648548" lon="10.76627652"><ele>124.971</ele><time>2026-08-20T11:13:27Z</time><speed>1.240</speed><sat>25</sat></trkpt>
  <trkpt lat="59.66647952" lon="10.76625620"><ele>124.802</ele><time>2026-08-20T11:13:28Z</time><speed>1.400</speed><sat>25</sat></trkpt>
  <trkpt lat="59.66647077" lon="10.76623312"><ele>124.268</ele><time>2026-08-20T11:13:29Z</time><speed>1.410</speed><sat>24</sat></trkpt>
  <trkpt lat="59.66646254" lon="10.76621209"><ele>124.332</ele><time>2026-08-20T11:13:30Z</time><speed>1.230</speed><sat>24</sat></trkpt>
  <trkpt lat="59.66645764" lon="10.76618983"><ele>124.259</ele><time>2026-08-20T11:13:31Z</time><speed>1.300</speed><sat>24</sat></trkpt>
  <trkpt lat="59.66645450" lon="10.76616493"><ele>124.402</ele><time>2026-08-20T11:13:32Z</time><speed>1.330</speed><sat>24</sat></trkpt>
  <trkpt lat="59.66645171" lon="10.76613987"><ele>123.954</ele><time>2026-08-20T11:13:33Z</time><speed>1.270</speed><sat>24</sat></trkpt>
  <trkpt lat="59.66644752" lon="10.76612165"><ele>123.882</ele><time>2026-08-20T11:13:34Z</time><speed>1.220</speed><sat>22</sat></trkpt>
  <trkpt lat="59.66644366" lon="10.76611194"><ele>123.505</ele><time>2026-08-20T11:13:35Z</time><speed>0.740</speed><sat>22</sat></trkpt>
  <trkpt lat="59.66643753" lon="10.76610347"><ele>122.711</ele><time>2026-08-20T11:13:36Z</time><speed>1.080</speed><sat>23</sat></trkpt>
  <trkpt lat="59.66643278" lon="10.76609176"><ele>122.741</ele><time>2026-08-20T11:13:37Z</time><speed>0.950</speed><sat>23</sat></trkpt>
  <trkpt lat="59.66642855" lon="10.76606886"><ele>122.391</ele><time>2026-08-20T11:13:38Z</time><speed>1.380</speed><sat>23</sat></trkpt>
  <trkpt lat="59.66642576" lon="10.76604148"><ele>121.767</ele><time>2026-08-20T11:13:39Z</time><speed>1.490</speed><sat>23</sat></trkpt>
  <trkpt lat="59.66642215" lon="10.76601771"><ele>121.820</ele><time>2026-08-20T11:13:40Z</time><speed>1.420</speed><sat>23</sat></trkpt>
  <trkpt lat="59.66641834" lon="10.76599467"><ele>121.641</ele><time>2026-08-20T11:13:41Z</time><speed>1.410</speed><sat>23</sat></trkpt>
  <trkpt lat="59.66641347" lon="10.76597627"><ele>122.108</ele><time>2026-08-20T11:13:42Z</time><speed>1.220</speed><sat>23</sat></trkpt>
  <trkpt lat="59.66640693" lon="10.76595969"><ele>121.235</ele><time>2026-08-20T11:13:43Z</time><speed>1.310</speed><sat>22</sat></trkpt>
  <trkpt lat="59.66640057" lon="10.76594455"><ele>120.501</ele><time>2026-08-20T11:13:44Z</time><speed>1.230</speed><sat>22</sat></trkpt>
  <trkpt lat="59.66639628" lon="10.76593404"><ele>120.539</ele><time>2026-08-20T11:13:45Z</time><speed>0.930</speed><sat>22</sat></trkpt>
  <trkpt lat="59.66639179" lon="10.76592608"><ele>120.189</ele><time>2026-08-20T11:13:46Z</time><speed>0.680</speed><sat>23</sat></trkpt>
  <trkpt lat="59.66638726" lon="10.76591710"><ele>119.869</ele><time>2026-08-20T11:13:47Z</time><speed>0.760</speed><sat>22</sat></trkpt>
  <trkpt lat="59.66638343" lon="10.76590308"><ele>120.423</ele><time>2026-08-20T11:13:48Z</time><speed>1.160</speed><sat>22</sat></trkpt>
  <trkpt lat="59.66638014" lon="10.76588725"><ele>120.258</ele><time>2026-08-20T11:13:49Z</time><speed>1.080</speed><sat>23</sat></trkpt>
  <trkpt lat="59.66637672" lon="10.76587261"><ele>120.101</ele><time>2026-08-20T11:13:50Z</time><speed>0.960</speed><sat>23</sat></trkpt>
  <trkpt lat="59.66637506" lon="10.76586279"><ele>120.518</ele><time>2026-08-20T11:13:51Z</time><speed>0.670</speed><sat>23</sat></trkpt>
  <trkpt lat="59.66637376" lon="10.76585354"><ele>120.188</ele><time>2026-08-20T11:13:52Z</time><speed>0.530</speed><sat>24</sat></trkpt>
  <trkpt lat="59.66636983" lon="10.76584368"><ele>119.797</ele><time>2026-08-20T11:13:53Z</time><speed>0.610</speed><sat>24</sat></trkpt>
  <trkpt lat="59.66636341" lon="10.76583080"><ele>119.537</ele><time>2026-08-20T11:13:54Z</time><speed>0.980</speed><sat>24</sat></trkpt>
  <trkpt lat="59.66636004" lon="10.76582035"><ele>119.820</ele><time>2026-08-20T11:13:55Z</time><speed>0.540</speed><sat>24</sat></trkpt>
  <trkpt lat="59.66636015" lon="10.76580606"><ele>120.229</ele><time>2026-08-20T11:13:56Z</time><speed>0.840</speed><sat>24</sat></trkpt>
  <trkpt lat="59.66635990" lon="10.76578956"><ele>120.640</ele><time>2026-08-20T11:13:57Z</time><speed>0.930</speed><sat>24</sat></trkpt>
  <trkpt lat="59.66635795" lon="10.76577121"><ele>120.548</ele><time>2026-08-20T11:13:58Z</time><speed>1.090</speed><sat>23</sat></trkpt>
  <trkpt lat="59.66635546" lon="10.76575047"><ele>119.887</ele><time>2026-08-20T11:13:59Z</time><speed>1.030</speed><sat>23</sat></trkpt>
  <trkpt lat="59.66635461" lon="10.76574240"><ele>119.243</ele><time>2026-08-20T11:14:00Z</time><speed>0.000</speed><sat>23</sat></trkpt>
  <trkpt lat="59.66635494" lon="10.76573888"><ele>119.240</ele><time>2026-08-20T11:14:01Z</time><speed>0.000</speed><sat>23</sat></trkpt>
  <trkpt lat="59.66635423" lon="10.76572236"><ele>119.228</ele><time>2026-08-20T11:14:02Z</time><speed>0.910</speed><sat>23</sat></trkpt>
  <trkpt lat="59.66635345" lon="10.76569588"><ele>119.248</ele><time>2026-08-20T11:14:03Z</time><speed>1.430</speed><sat>23</sat></trkpt>
  <trkpt lat="59.66635254" lon="10.76567132"><ele>119.554</ele><time>2026-08-20T11:14:04Z</time><speed>1.340</speed><sat>22</sat></trkpt>
  <trkpt lat="59.66635062" lon="10.76564600"><ele>119.430</ele><time>2026-08-20T11:14:05Z</time><speed>1.370</speed><sat>23</sat></trkpt>
  <trkpt lat="59.66634663" lon="10.76562379"><ele>119.266</ele><time>2026-08-20T11:14:06Z</time><speed>1.320</speed><sat>23</sat></trkpt>
  <trkpt lat="59.66634298" lon="10.76560028"><ele>119.480</ele><time>2026-08-20T11:14:07Z</time><speed>1.370</speed><sat>23</sat></trkpt>
  <trkpt lat="59.66634047" lon="10.76557476"><ele>119.841</ele><time>2026-08-20T11:14:08Z</time><speed>1.400</speed><sat>23</sat></trkpt>
  <trkpt lat="59.66633615" lon="10.76555321"><ele>119.549</ele><time>2026-08-20T11:14:09Z</time><speed>1.330</speed><sat>23</sat></trkpt>
  <trkpt lat="59.66633184" lon="10.76553379"><ele>119.238</ele><time>2026-08-20T11:14:10Z</time><speed>1.180</speed><sat>23</sat></trkpt>
  <trkpt lat="59.66632802" lon="10.76551073"><ele>119.729</ele><time>2026-08-20T11:14:11Z</time><speed>1.310</speed><sat>23</sat></trkpt>
  <trkpt lat="59.66632479" lon="10.76548843"><ele>119.578</ele><time>2026-08-20T11:14:12Z</time><speed>1.270</speed><sat>23</sat></trkpt>
  <trkpt lat="59.66632221" lon="10.76546514"><ele>120.005</ele><time>2026-08-20T11:14:13Z</time><speed>1.340</speed><sat>23</sat></trkpt>
  <trkpt lat="59.66632013" lon="10.76544044"><ele>119.686</ele><time>2026-08-20T11:14:14Z</time><speed>1.350</speed><sat>24</sat></trkpt>
  <trkpt lat="59.66631795" lon="10.76541814"><ele>119.294</ele><time>2026-08-20T11:14:15Z</time><speed>1.360</speed><sat>24</sat></trkpt>
  <trkpt lat="59.66631604" lon="10.76539420"><ele>118.840</ele><time>2026-08-20T11:14:16Z</time><speed>1.440</speed><sat>24</sat></trkpt>
  <trkpt lat="59.66631388" lon="10.76536966"><ele>119.040</ele><time>2026-08-20T11:14:17Z</time><speed>1.400</speed><sat>24</sat></trkpt>
  <trkpt lat="59.66631176" lon="10.76534469"><ele>119.059</ele><time>2026-08-20T11:14:18Z</time><speed>1.460</speed><sat>24</sat></trkpt>
  <trkpt lat="59.66630976" lon="10.76531968"><ele>119.448</ele><time>2026-08-20T11:14:19Z</time><speed>1.520</speed><sat>24</sat></trkpt>
  <trkpt lat="59.66630866" lon="10.76529569"><ele>119.928</ele><time>2026-08-20T11:14:20Z</time><speed>1.400</speed><sat>24</sat></trkpt>
  <trkpt lat="59.66630741" lon="10.76526878"><ele>120.135</ele><time>2026-08-20T11:14:21Z</time><speed>1.580</speed><sat>24</sat></trkpt>
  <trkpt lat="59.66630613" lon="10.76524245"><ele>120.864</ele><time>2026-08-20T11:14:22Z</time><speed>1.540</speed><sat>24</sat></trkpt>
  <trkpt lat="59.66630316" lon="10.76521354"><ele>120.986</ele><time>2026-08-20T11:14:23Z</time><speed>1.710</speed><sat>24</sat></trkpt>
  <trkpt lat="59.66629775" lon="10.76518691"><ele>120.837</ele><time>2026-08-20T11:14:24Z</time><speed>1.670</speed><sat>25</sat></trkpt>
  <trkpt lat="59.66629434" lon="10.76516157"><ele>120.893</ele><time>2026-08-20T11:14:25Z</time><speed>1.540</speed><sat>25</sat></trkpt>
  <trkpt lat="59.66629295" lon="10.76513283"><ele>120.633</ele><time>2026-08-20T11:14:26Z</time><speed>1.550</speed><sat>26</sat></trkpt>
  <trkpt lat="59.66629004" lon="10.76510670"><ele>120.207</ele><time>2026-08-20T11:14:27Z</time><speed>1.510</speed><sat>26</sat></trkpt>
  <trkpt lat="59.66628764" lon="10.76508170"><ele>120.321</ele><time>2026-08-20T11:14:28Z</time><speed>1.390</speed><sat>26</sat></trkpt>
  <trkpt lat="59.66628556" lon="10.76505734"><ele>120.461</ele><time>2026-08-20T11:14:29Z</time><speed>1.300</speed><sat>26</sat></trkpt>
  <trkpt lat="59.66628449" lon="10.76503013"><ele>120.125</ele><time>2026-08-20T11:14:30Z</time><speed>1.410</speed><sat>26</sat></trkpt>
  <trkpt lat="59.66628295" lon="10.76500199"><ele>120.355</ele><time>2026-08-20T11:14:31Z</time><speed>1.460</speed><sat>26</sat></trkpt>
  <trkpt lat="59.66628311" lon="10.76497467"><ele>121.047</ele><time>2026-08-20T11:14:32Z</time><speed>1.400</speed><sat>26</sat></trkpt>
  <trkpt lat="59.66628194" lon="10.76494953"><ele>121.177</ele><time>2026-08-20T11:14:33Z</time><speed>1.380</speed><sat>26</sat></trkpt>
  <trkpt lat="59.66627925" lon="10.76492857"><ele>121.351</ele><time>2026-08-20T11:14:34Z</time><speed>1.300</speed><sat>26</sat></trkpt>
  <trkpt lat="59.66627624" lon="10.76490524"><ele>121.316</ele><time>2026-08-20T11:14:35Z</time><speed>1.380</speed><sat>26</sat></trkpt>
  <trkpt lat="59.66627554" lon="10.76488624"><ele>121.369</ele><time>2026-08-20T11:14:36Z</time><speed>1.080</speed><sat>26</sat></trkpt>
  <trkpt lat="59.66627425" lon="10.76486568"><ele>121.069</ele><time>2026-08-20T11:14:37Z</time><speed>1.230</speed><sat>25</sat></trkpt>
  <trkpt lat="59.66627249" lon="10.76484397"><ele>121.091</ele><time>2026-08-20T11:14:38Z</time><speed>1.290</speed><sat>25</sat></trkpt>
  <trkpt lat="59.66627007" lon="10.76482169"><ele>121.523</ele><time>2026-08-20T11:14:39Z</time><speed>1.250</speed><sat>25</sat></trkpt>
  <trkpt lat="59.66626732" lon="10.76480126"><ele>121.620</ele><time>2026-08-20T11:14:40Z</time><speed>1.220</speed><sat>25</sat></trkpt>
  <trkpt lat="59.66626538" lon="10.76478253"><ele>122.217</ele><time>2026-08-20T11:14:41Z</time><speed>1.250</speed><sat>26</sat></trkpt>
  <trkpt lat="59.66626351" lon="10.76476168"><ele>122.471</ele><time>2026-08-20T11:14:42Z</time><speed>1.310</speed><sat>26</sat></trkpt>
  <trkpt lat="59.66626101" lon="10.76473982"><ele>122.563</ele><time>2026-08-20T11:14:43Z</time><speed>1.270</speed><sat>26</sat></trkpt>
  <trkpt lat="59.66625805" lon="10.76472166"><ele>122.608</ele><time>2026-08-20T11:14:44Z</time><speed>1.240</speed><sat>26</sat></trkpt>
  <trkpt lat="59.66625486" lon="10.76470265"><ele>122.740</ele><time>2026-08-20T11:14:45Z</time><speed>1.230</speed><sat>26</sat></trkpt>
  <trkpt lat="59.66625390" lon="10.76468175"><ele>123.246</ele><time>2026-08-20T11:14:46Z</time><speed>1.220</speed><sat>25</sat></trkpt>
  <trkpt lat="59.66625293" lon="10.76466419"><ele>124.100</ele><time>2026-08-20T11:14:47Z</time><speed>1.150</speed><sat>26</sat></trkpt>
  <trkpt lat="59.66625331" lon="10.76464790"><ele>124.895</ele><time>2026-08-20T11:14:48Z</time><speed>1.200</speed><sat>26</sat></trkpt>
  <trkpt lat="59.66625421" lon="10.76462891"><ele>124.995</ele><time>2026-08-20T11:14:49Z</time><speed>1.180</speed><sat>26</sat></trkpt>
  <trkpt lat="59.66625299" lon="10.76461201"><ele>125.093</ele><time>2026-08-20T11:14:50Z</time><speed>0.920</speed><sat>26</sat></trkpt>
  <trkpt lat="59.66625064" lon="10.76460476"><ele>125.624</ele><time>2026-08-20T11:14:51Z</time><speed>0.540</speed><sat>26</sat></trkpt>
  <trkpt lat="59.66624970" lon="10.76460538"><ele>125.285</ele><time>2026-08-20T11:14:52Z</time><speed>0.000</speed><sat>26</sat></trkpt>
  <trkpt lat="59.66624786" lon="10.76460235"><ele>125.140</ele><time>2026-08-20T11:14:53Z</time><speed>0.000</speed><sat>26</sat></trkpt>
  <trkpt lat="59.66624738" lon="10.76460169"><ele>125.140</ele><time>2026-08-20T11:14:54Z</time><speed>0.000</speed><sat>25</sat></trkpt>
  <trkpt lat="59.66624726" lon="10.76460148"><ele>125.140</ele><time>2026-08-20T11:14:55Z</time><speed>0.000</speed><sat>26</sat></trkpt>
  <trkpt lat="59.66624723" lon="10.76460137"><ele>125.138</ele><time>2026-08-20T11:14:56Z</time><speed>0.000</speed><sat>26</sat></trkpt>
  <trkpt lat="59.66624721" lon="10.76460129"><ele>125.137</ele><time>2026-08-20T11:14:57Z</time><speed>0.000</speed><sat>26</sat></trkpt>
  <trkpt lat="59.66624821" lon="10.76460089"><ele>125.063</ele><time>2026-08-20T11:14:58Z</time><speed>0.150</speed><sat>26</sat></trkpt>
  <trkpt lat="59.66624829" lon="10.76460401"><ele>124.710</ele><time>2026-08-20T11:14:59Z</time><speed>0.150</speed><sat>26</sat></trkpt>
  <trkpt lat="59.66624875" lon="10.76460702"><ele>124.799</ele><time>2026-08-20T11:15:00Z</time><speed>0.000</speed><sat>26</sat></trkpt>
  <trkpt lat="59.66624805" lon="10.76460940"><ele>124.799</ele><time>2026-08-20T11:15:01Z</time><speed>0.000</speed><sat>25</sat></trkpt>
  <trkpt lat="59.66624784" lon="10.76461009"><ele>124.780</ele><time>2026-08-20T11:15:02Z</time><speed>0.000</speed><sat>24</sat></trkpt>
  <trkpt lat="59.66624852" lon="10.76461755"><ele>125.046</ele><time>2026-08-20T11:15:03Z</time><speed>0.000</speed><sat>25</sat></trkpt>
  <trkpt lat="59.66625006" lon="10.76462658"><ele>125.625</ele><time>2026-08-20T11:15:04Z</time><speed>0.280</speed><sat>25</sat></trkpt>
  <trkpt lat="59.66625062" lon="10.76463389"><ele>125.560</ele><time>2026-08-20T11:15:05Z</time><speed>0.000</speed><sat>25</sat></trkpt>
  <trkpt lat="59.66624986" lon="10.76463698"><ele>125.435</ele><time>2026-08-20T11:15:06Z</time><speed>0.000</speed><sat>25</sat></trkpt>
  <trkpt lat="59.66625225" lon="10.76464193"><ele>125.902</ele><time>2026-08-20T11:15:07Z</time><speed>0.000</speed><sat>25</sat></trkpt>
  <trkpt lat="59.66625524" lon="10.76464647"><ele>126.053</ele><time>2026-08-20T11:15:08Z</time><speed>0.290</speed><sat>26</sat></trkpt>
  <trkpt lat="59.66626015" lon="10.76464633"><ele>127.079</ele><time>2026-08-20T11:15:09Z</time><speed>0.000</speed><sat>25</sat></trkpt>
  <trkpt lat="59.66626777" lon="10.76464360"><ele>127.234</ele><time>2026-08-20T11:15:10Z</time><speed>0.000</speed><sat>25</sat></trkpt>
  <trkpt lat="59.66627266" lon="10.76464503"><ele>126.375</ele><time>2026-08-20T11:15:11Z</time><speed>0.630</speed><sat>25</sat></trkpt>
  <trkpt lat="59.66627705" lon="10.76464817"><ele>126.187</ele><time>2026-08-20T11:15:12Z</time><speed>0.370</speed><sat>25</sat></trkpt>
  <trkpt lat="59.66628286" lon="10.76464714"><ele>126.194</ele><time>2026-08-20T11:15:13Z</time><speed>0.830</speed><sat>25</sat></trkpt>
  <trkpt lat="59.66628866" lon="10.76463619"><ele>125.727</ele><time>2026-08-20T11:15:14Z</time><speed>1.130</speed><sat>26</sat></trkpt>
  <trkpt lat="59.66629367" lon="10.76462545"><ele>125.935</ele><time>2026-08-20T11:15:15Z</time><speed>0.960</speed><sat>26</sat></trkpt>
  <trkpt lat="59.66629450" lon="10.76462434"><ele>125.664</ele><time>2026-08-20T11:15:16Z</time><speed>0.310</speed><sat>26</sat></trkpt>
  <trkpt lat="59.66628755" lon="10.76462854"><ele>125.493</ele><time>2026-08-20T11:15:17Z</time><speed>0.000</speed><sat>25</sat></trkpt>
  <trkpt lat="59.66628526" lon="10.76462822"><ele>125.342</ele><time>2026-08-20T11:15:18Z</time><speed>0.000</speed><sat>25</sat></trkpt>
  <trkpt lat="59.66629025" lon="10.76462292"><ele>125.417</ele><time>2026-08-20T11:15:19Z</time><speed>1.090</speed><sat>25</sat></trkpt>
  <trkpt lat="59.66629958" lon="10.76460919"><ele>124.956</ele><time>2026-08-20T11:15:20Z</time><speed>1.100</speed><sat>24</sat></trkpt>
  <trkpt lat="59.66630794" lon="10.76459683"><ele>124.723</ele><time>2026-08-20T11:15:21Z</time><speed>1.070</speed><sat>25</sat></trkpt>
  <trkpt lat="59.66631791" lon="10.76458688"><ele>124.606</ele><time>2026-08-20T11:15:22Z</time><speed>1.100</speed><sat>25</sat></trkpt>
  <trkpt lat="59.66633004" lon="10.76457265"><ele>124.142</ele><time>2026-08-20T11:15:23Z</time><speed>1.430</speed><sat>25</sat></trkpt>
  <trkpt lat="59.66634303" lon="10.76455166"><ele>124.473</ele><time>2026-08-20T11:15:24Z</time><speed>1.250</speed><sat>25</sat></trkpt>
  <trkpt lat="59.66635903" lon="10.76452781"><ele>124.163</ele><time>2026-08-20T11:15:25Z</time><speed>1.410</speed><sat>25</sat></trkpt>
  <trkpt lat="59.66637496" lon="10.76450545"><ele>124.417</ele><time>2026-08-20T11:15:26Z</time><speed>1.530</speed><sat>24</sat></trkpt>
  <trkpt lat="59.66638812" lon="10.76448413"><ele>124.599</ele><time>2026-08-20T11:15:27Z</time><speed>1.500</speed><sat>23</sat></trkpt>
  <trkpt lat="59.66640241" lon="10.76447087"><ele>123.724</ele><time>2026-08-20T11:15:28Z</time><speed>1.510</speed><sat>24</sat></trkpt>
  <trkpt lat="59.66641484" lon="10.76445923"><ele>123.675</ele><time>2026-08-20T11:15:29Z</time><speed>1.540</speed><sat>25</sat></trkpt>
  <trkpt lat="59.66642708" lon="10.76444561"><ele>124.166</ele><time>2026-08-20T11:15:30Z</time><speed>1.520</speed><sat>25</sat></trkpt>
  <trkpt lat="59.66644030" lon="10.76442892"><ele>124.766</ele><time>2026-08-20T11:15:31Z</time><speed>1.570</speed><sat>25</sat></trkpt>
  <trkpt lat="59.66645092" lon="10.76441429"><ele>124.834</ele><time>2026-08-20T11:15:32Z</time><speed>1.390</speed><sat>25</sat></trkpt>
  <trkpt lat="59.66646309" lon="10.76439775"><ele>125.399</ele><time>2026-08-20T11:15:33Z</time><speed>1.530</speed><sat>25</sat></trkpt>
  <trkpt lat="59.66647580" lon="10.76438389"><ele>125.703</ele><time>2026-08-20T11:15:34Z</time><speed>1.420</speed><sat>25</sat></trkpt>
  <trkpt lat="59.66648652" lon="10.76437058"><ele>125.820</ele><time>2026-08-20T11:15:35Z</time><speed>1.470</speed><sat>24</sat></trkpt>
  <trkpt lat="59.66649716" lon="10.76436033"><ele>125.369</ele><time>2026-08-20T11:15:36Z</time><speed>1.470</speed><sat>25</sat></trkpt>
  <trkpt lat="59.66650830" lon="10.76435074"><ele>126.232</ele><time>2026-08-20T11:15:37Z</time><speed>1.440</speed><sat>25</sat></trkpt>
  <trkpt lat="59.66652042" lon="10.76433852"><ele>126.125</ele><time>2026-08-20T11:15:38Z</time><speed>1.450</speed><sat>25</sat></trkpt>
  <trkpt lat="59.66653272" lon="10.76432781"><ele>126.165</ele><time>2026-08-20T11:15:39Z</time><speed>1.450</speed><sat>25</sat></trkpt>
  <trkpt lat="59.66654385" lon="10.76431446"><ele>126.473</ele><time>2026-08-20T11:15:40Z</time><speed>1.400</speed><sat>25</sat></trkpt>
  <trkpt lat="59.66655462" lon="10.76429856"><ele>125.892</ele><time>2026-08-20T11:15:41Z</time><speed>1.380</speed><sat>26</sat></trkpt>
  <trkpt lat="59.66656632" lon="10.76428612"><ele>126.004</ele><time>2026-08-20T11:15:42Z</time><speed>1.410</speed><sat>26</sat></trkpt>
  <trkpt lat="59.66658058" lon="10.76427596"><ele>126.344</ele><time>2026-08-20T11:15:43Z</time><speed>1.430</speed><sat>26</sat></trkpt>
  <trkpt lat="59.66659391" lon="10.76426474"><ele>125.402</ele><time>2026-08-20T11:15:44Z</time><speed>1.430</speed><sat>26</sat></trkpt>
  <trkpt lat="59.66660830" lon="10.76425620"><ele>125.359</ele><time>2026-08-20T11:15:45Z</time><speed>1.490</speed><sat>26</sat></trkpt>
  <trkpt lat="59.66662275" lon="10.76425067"><ele>125.127</ele><time>2026-08-20T11:15:46Z</time><speed>1.420</speed><sat>26</sat></trkpt>
  <trkpt lat="59.66663791" lon="10.76424378"><ele>125.708</ele><time>2026-08-20T11:15:47Z</time><speed>1.430</speed><sat>26</sat></trkpt>
  <trkpt lat="59.66664987" lon="10.76423620"><ele>125.702</ele><time>2026-08-20T11:15:48Z</time><speed>1.390</speed><sat>26</sat></trkpt>
  <trkpt lat="59.66666343" lon="10.76422642"><ele>126.376</ele><time>2026-08-20T11:15:49Z</time><speed>1.470</speed><sat>26</sat></trkpt>
  <trkpt lat="59.66667258" lon="10.76422398"><ele>126.137</ele><time>2026-08-20T11:15:50Z</time><speed>0.970</speed><sat>26</sat></trkpt>
  <trkpt lat="59.66668381" lon="10.76422241"><ele>126.533</ele><time>2026-08-20T11:15:51Z</time><speed>1.220</speed><sat>26</sat></trkpt>
  <trkpt lat="59.66669730" lon="10.76421896"><ele>125.543</ele><time>2026-08-20T11:15:52Z</time><speed>1.340</speed><sat>26</sat></trkpt>
  <trkpt lat="59.66670711" lon="10.76421651"><ele>124.879</ele><time>2026-08-20T11:15:53Z</time><speed>0.800</speed><sat>26</sat></trkpt>
  <trkpt lat="59.66672075" lon="10.76421359"><ele>124.836</ele><time>2026-08-20T11:15:54Z</time><speed>1.250</speed><sat>26</sat></trkpt>
  <trkpt lat="59.66673500" lon="10.76420536"><ele>124.768</ele><time>2026-08-20T11:15:55Z</time><speed>1.330</speed><sat>26</sat></trkpt>
  <trkpt lat="59.66674747" lon="10.76419425"><ele>124.168</ele><time>2026-08-20T11:15:56Z</time><speed>1.320</speed><sat>26</sat></trkpt>
  <trkpt lat="59.66676060" lon="10.76418384"><ele>124.320</ele><time>2026-08-20T11:15:57Z</time><speed>1.370</speed><sat>26</sat></trkpt>
  <trkpt lat="59.66677471" lon="10.76417269"><ele>124.584</ele><time>2026-08-20T11:15:58Z</time><speed>1.440</speed><sat>26</sat></trkpt>
  <trkpt lat="59.66678825" lon="10.76416255"><ele>124.833</ele><time>2026-08-20T11:15:59Z</time><speed>1.400</speed><sat>25</sat></trkpt>
  <trkpt lat="59.66680255" lon="10.76415318"><ele>124.884</ele><time>2026-08-20T11:16:00Z</time><speed>1.440</speed><sat>25</sat></trkpt>
  <trkpt lat="59.66681865" lon="10.76414254"><ele>125.123</ele><time>2026-08-20T11:16:01Z</time><speed>1.430</speed><sat>25</sat></trkpt>
  <trkpt lat="59.66683161" lon="10.76413293"><ele>124.517</ele><time>2026-08-20T11:16:02Z</time><speed>1.370</speed><sat>26</sat></trkpt>
  <trkpt lat="59.66684372" lon="10.76412364"><ele>123.871</ele><time>2026-08-20T11:16:03Z</time><speed>1.430</speed><sat>26</sat></trkpt>
  <trkpt lat="59.66685559" lon="10.76411540"><ele>123.375</ele><time>2026-08-20T11:16:04Z</time><speed>1.380</speed><sat>26</sat></trkpt>
  <trkpt lat="59.66686608" lon="10.76410844"><ele>123.385</ele><time>2026-08-20T11:16:05Z</time><speed>1.260</speed><sat>26</sat></trkpt>
  <trkpt lat="59.66687828" lon="10.76410073"><ele>123.422</ele><time>2026-08-20T11:16:06Z</time><speed>1.360</speed><sat>26</sat></trkpt>
  <trkpt lat="59.66689109" lon="10.76409308"><ele>123.252</ele><time>2026-08-20T11:16:07Z</time><speed>1.350</speed><sat>26</sat></trkpt>
  <trkpt lat="59.66690177" lon="10.76408192"><ele>122.906</ele><time>2026-08-20T11:16:08Z</time><speed>1.240</speed><sat>26</sat></trkpt>
  <trkpt lat="59.66691143" lon="10.76407209"><ele>123.610</ele><time>2026-08-20T11:16:09Z</time><speed>1.190</speed><sat>26</sat></trkpt>
  <trkpt lat="59.66692143" lon="10.76406186"><ele>123.606</ele><time>2026-08-20T11:16:10Z</time><speed>1.180</speed><sat>26</sat></trkpt>
  <trkpt lat="59.66693171" lon="10.76405189"><ele>123.836</ele><time>2026-08-20T11:16:11Z</time><speed>1.210</speed><sat>26</sat></trkpt>
  <trkpt lat="59.66693988" lon="10.76404336"><ele>123.515</ele><time>2026-08-20T11:16:12Z</time><speed>1.100</speed><sat>26</sat></trkpt>
  <trkpt lat="59.66694549" lon="10.76403438"><ele>123.222</ele><time>2026-08-20T11:16:13Z</time><speed>0.990</speed><sat>26</sat></trkpt>
  <trkpt lat="59.66695320" lon="10.76402362"><ele>123.152</ele><time>2026-08-20T11:16:14Z</time><speed>1.120</speed><sat>26</sat></trkpt>
  <trkpt lat="59.66695815" lon="10.76401956"><ele>123.046</ele><time>2026-08-20T11:16:15Z</time><speed>0.550</speed><sat>26</sat></trkpt>
  <trkpt lat="59.66696417" lon="10.76401926"><ele>123.243</ele><time>2026-08-20T11:16:16Z</time><speed>0.730</speed><sat>26</sat></trkpt>
  <trkpt lat="59.66696970" lon="10.76401842"><ele>123.364</ele><time>2026-08-20T11:16:17Z</time><speed>0.700</speed><sat>26</sat></trkpt>
  <trkpt lat="59.66697887" lon="10.76400999"><ele>123.726</ele><time>2026-08-20T11:16:18Z</time><speed>1.270</speed><sat>25</sat></trkpt>
  <trkpt lat="59.66698350" lon="10.76400443"><ele>124.084</ele><time>2026-08-20T11:16:19Z</time><speed>0.560</speed><sat>25</sat></trkpt>
  <trkpt lat="59.66698560" lon="10.76400220"><ele>124.499</ele><time>2026-08-20T11:16:20Z</time><speed>0.220</speed><sat>26</sat></trkpt>
  <trkpt lat="59.66698521" lon="10.76400288"><ele>124.534</ele><time>2026-08-20T11:16:21Z</time><speed>0.000</speed><sat>26</sat></trkpt>
  <trkpt lat="59.66698501" lon="10.76400316"><ele>124.537</ele><time>2026-08-20T11:16:22Z</time><speed>0.000</speed><sat>26</sat></trkpt>
  <trkpt lat="59.66698495" lon="10.76400321"><ele>124.538</ele><time>2026-08-20T11:16:23Z</time><speed>0.000</speed><sat>26</sat></trkpt>
  <trkpt lat="59.66698493" lon="10.76400327"><ele>124.539</ele><time>2026-08-20T11:16:24Z</time><speed>0.000</speed><sat>26</sat></trkpt>
  <trkpt lat="59.66698490" lon="10.76400326"><ele>124.538</ele><time>2026-08-20T11:16:25Z</time><speed>0.000</speed><sat>26</sat></trkpt>
  <trkpt lat="59.66698489" lon="10.76400323"><ele>124.535</ele><time>2026-08-20T11:16:26Z</time><speed>0.000</speed><sat>24</sat></trkpt>
  <trkpt lat="59.66698490" lon="10.76400322"><ele>124.536</ele><time>2026-08-20T11:16:27Z</time><speed>0.000</speed><sat>25</sat></trkpt>
  <trkpt lat="59.66698491" lon="10.76400316"><ele>124.534</ele><time>2026-08-20T11:16:28Z</time><speed>0.000</speed><sat>25</sat></trkpt>
  <trkpt lat="59.66698491" lon="10.76400312"><ele>124.534</ele><time>2026-08-20T11:16:29Z</time><speed>0.000</speed><sat>25</sat></trkpt>
  <trkpt lat="59.66698491" lon="10.76400312"><ele>124.534</ele><time>2026-08-20T11:16:30Z</time><speed>0.000</speed><sat>25</sat></trkpt>
  <trkpt lat="59.66698491" lon="10.76400310"><ele>124.532</ele><time>2026-08-20T11:16:31Z</time><speed>0.000</speed><sat>25</sat></trkpt>
  <trkpt lat="59.66698491" lon="10.76400302"><ele>124.529</ele><time>2026-08-20T11:16:32Z</time><speed>0.000</speed><sat>26</sat></trkpt>
  <trkpt lat="59.66698489" lon="10.76400297"><ele>124.527</ele><time>2026-08-20T11:16:33Z</time><speed>0.000</speed><sat>25</sat></trkpt>
  <trkpt lat="59.66698489" lon="10.76400292"><ele>124.525</ele><time>2026-08-20T11:16:34Z</time><speed>0.000</speed><sat>25</sat></trkpt>
  <trkpt lat="59.66698488" lon="10.76400289"><ele>124.524</ele><time>2026-08-20T11:16:35Z</time><speed>0.000</speed><sat>26</sat></trkpt>
  <trkpt lat="59.66698487" lon="10.76400284"><ele>124.520</ele><time>2026-08-20T11:16:36Z</time><speed>0.000</speed><sat>26</sat></trkpt>
  <trkpt lat="59.66698486" lon="10.76400282"><ele>124.519</ele><time>2026-08-20T11:16:37Z</time><speed>0.000</speed><sat>26</sat></trkpt>
  <trkpt lat="59.66698486" lon="10.76400278"><ele>124.515</ele><time>2026-08-20T11:16:38Z</time><speed>0.000</speed><sat>24</sat></trkpt>
  <trkpt lat="59.66698486" lon="10.76400276"><ele>124.516</ele><time>2026-08-20T11:16:39Z</time><speed>0.000</speed><sat>23</sat></trkpt>
  <trkpt lat="59.66698485" lon="10.76400276"><ele>124.517</ele><time>2026-08-20T11:16:40Z</time><speed>0.000</speed><sat>23</sat></trkpt>
  <trkpt lat="59.66698484" lon="10.76400278"><ele>124.518</ele><time>2026-08-20T11:16:41Z</time><speed>0.000</speed><sat>23</sat></trkpt>
  <trkpt lat="59.66698484" lon="10.76400277"><ele>124.517</ele><time>2026-08-20T11:16:42Z</time><speed>0.000</speed><sat>24</sat></trkpt>
  <trkpt lat="59.66698365" lon="10.76400835"><ele>124.251</ele><time>2026-08-20T11:16:43Z</time><speed>0.330</speed><sat>25</sat></trkpt>
  <trkpt lat="59.66698157" lon="10.76400817"><ele>123.020</ele><time>2026-08-20T11:16:44Z</time><speed>0.320</speed><sat>26</sat></trkpt>
  <trkpt lat="59.66698206" lon="10.76400804"><ele>122.715</ele><time>2026-08-20T11:16:45Z</time><speed>0.450</speed><sat>26</sat></trkpt>
  <trkpt lat="59.66698586" lon="10.76400559"><ele>122.898</ele><time>2026-08-20T11:16:46Z</time><speed>0.200</speed><sat>26</sat></trkpt>
  <trkpt lat="59.66699005" lon="10.76399658"><ele>122.886</ele><time>2026-08-20T11:16:47Z</time><speed>0.000</speed><sat>26</sat></trkpt>
  <trkpt lat="59.66699106" lon="10.76399425"><ele>122.884</ele><time>2026-08-20T11:16:48Z</time><speed>0.000</speed><sat>26</sat></trkpt>
  <trkpt lat="59.66699135" lon="10.76399372"><ele>122.884</ele><time>2026-08-20T11:16:49Z</time><speed>0.000</speed><sat>26</sat></trkpt>
  <trkpt lat="59.66699148" lon="10.76399363"><ele>122.892</ele><time>2026-08-20T11:16:50Z</time><speed>0.000</speed><sat>26</sat></trkpt>
  <trkpt lat="59.66699156" lon="10.76399365"><ele>122.899</ele><time>2026-08-20T11:16:51Z</time><speed>0.000</speed><sat>26</sat></trkpt>
  <trkpt lat="59.66699162" lon="10.76399363"><ele>122.901</ele><time>2026-08-20T11:16:52Z</time><speed>0.000</speed><sat>25</sat></trkpt>
  <trkpt lat="59.66699165" lon="10.76399364"><ele>122.900</ele><time>2026-08-20T11:16:53Z</time><speed>0.000</speed><sat>25</sat></trkpt>
  <trkpt lat="59.66699168" lon="10.76399360"><ele>122.902</ele><time>2026-08-20T11:16:54Z</time><speed>0.000</speed><sat>25</sat></trkpt>
  <trkpt lat="59.66699176" lon="10.76399079"><ele>122.712</ele><time>2026-08-20T11:16:55Z</time><speed>0.000</speed><sat>25</sat></trkpt>
  <trkpt lat="59.66699326" lon="10.76398516"><ele>122.732</ele><time>2026-08-20T11:16:56Z</time><speed>0.000</speed><sat>25</sat></trkpt>
  <trkpt lat="59.66699365" lon="10.76398362"><ele>122.764</ele><time>2026-08-20T11:16:57Z</time><speed>0.000</speed><sat>25</sat></trkpt>
  <trkpt lat="59.66699375" lon="10.76398321"><ele>122.767</ele><time>2026-08-20T11:16:58Z</time><speed>0.000</speed><sat>25</sat></trkpt>
  <trkpt lat="59.66699381" lon="10.76398307"><ele>122.769</ele><time>2026-08-20T11:16:59Z</time><speed>0.000</speed><sat>25</sat></trkpt>
  <trkpt lat="59.66699382" lon="10.76398301"><ele>122.770</ele><time>2026-08-20T11:17:00Z</time><speed>0.000</speed><sat>25</sat></trkpt>
  <trkpt lat="59.66699384" lon="10.76398298"><ele>122.773</ele><time>2026-08-20T11:17:01Z</time><speed>0.000</speed><sat>25</sat></trkpt>
  <trkpt lat="59.66699385" lon="10.76398294"><ele>122.775</ele><time>2026-08-20T11:17:02Z</time><speed>0.000</speed><sat>25</sat></trkpt>
  <trkpt lat="59.66699385" lon="10.76398291"><ele>122.775</ele><time>2026-08-20T11:17:03Z</time><speed>0.000</speed><sat>25</sat></trkpt>
  <trkpt lat="59.66699385" lon="10.76398289"><ele>122.776</ele><time>2026-08-20T11:17:04Z</time><speed>0.000</speed><sat>25</sat></trkpt>
  <trkpt lat="59.66699387" lon="10.76398284"><ele>122.780</ele><time>2026-08-20T11:17:05Z</time><speed>0.000</speed><sat>25</sat></trkpt>
  <trkpt lat="59.66699388" lon="10.76398282"><ele>122.783</ele><time>2026-08-20T11:17:06Z</time><speed>0.000</speed><sat>25</sat></trkpt>
  <trkpt lat="59.66699391" lon="10.76398277"><ele>122.783</ele><time>2026-08-20T11:17:07Z</time><speed>0.000</speed><sat>26</sat></trkpt>
  <trkpt lat="59.66699392" lon="10.76398271"><ele>122.782</ele><time>2026-08-20T11:17:08Z</time><speed>0.000</speed><sat>26</sat></trkpt>
  <trkpt lat="59.66699395" lon="10.76398266"><ele>122.783</ele><time>2026-08-20T11:17:09Z</time><speed>0.000</speed><sat>26</sat></trkpt>
  <trkpt lat="59.66699399" lon="10.76398260"><ele>122.787</ele><time>2026-08-20T11:17:10Z</time><speed>0.000</speed><sat>26</sat></trkpt>
  <trkpt lat="59.66699404" lon="10.76398256"><ele>122.790</ele><time>2026-08-20T11:17:11Z</time><speed>0.000</speed><sat>26</sat></trkpt>
  <trkpt lat="59.66699521" lon="10.76398083"><ele>122.696</ele><time>2026-08-20T11:17:12Z</time><speed>0.000</speed><sat>26</sat></trkpt>
  <trkpt lat="59.66699509" lon="10.76397636"><ele>122.604</ele><time>2026-08-20T11:17:13Z</time><speed>0.000</speed><sat>26</sat></trkpt>
  <trkpt lat="59.66699496" lon="10.76397505"><ele>122.600</ele><time>2026-08-20T11:17:14Z</time><speed>0.000</speed><sat>26</sat></trkpt>
  <trkpt lat="59.66699492" lon="10.76397470"><ele>122.598</ele><time>2026-08-20T11:17:15Z</time><speed>0.000</speed><sat>26</sat></trkpt>
  <trkpt lat="59.66699491" lon="10.76397458"><ele>122.596</ele><time>2026-08-20T11:17:16Z</time><speed>0.000</speed><sat>25</sat></trkpt>
  <trkpt lat="59.66699492" lon="10.76397451"><ele>122.593</ele><time>2026-08-20T11:17:17Z</time><speed>0.000</speed><sat>24</sat></trkpt>
  <trkpt lat="59.66699492" lon="10.76397450"><ele>122.588</ele><time>2026-08-20T11:17:18Z</time><speed>0.000</speed><sat>24</sat></trkpt>
  <trkpt lat="59.66699492" lon="10.76397450"><ele>122.586</ele><time>2026-08-20T11:17:19Z</time><speed>0.000</speed><sat>22</sat></trkpt>
  <trkpt lat="59.66699492" lon="10.76397449"><ele>122.585</ele><time>2026-08-20T11:17:20Z</time><speed>0.000</speed><sat>22</sat></trkpt>
  <trkpt lat="59.66699493" lon="10.76397448"><ele>122.585</ele><time>2026-08-20T11:17:21Z</time><speed>0.000</speed><sat>22</sat></trkpt>
  <trkpt lat="59.66699493" lon="10.76397448"><ele>122.585</ele><time>2026-08-20T11:17:22Z</time><speed>0.000</speed><sat>22</sat></trkpt>
  <trkpt lat="59.66699492" lon="10.76397450"><ele>122.586</ele><time>2026-08-20T11:17:23Z</time><speed>0.000</speed><sat>23</sat></trkpt>
  <trkpt lat="59.66699606" lon="10.76397262"><ele>123.237</ele><time>2026-08-20T11:17:24Z</time><speed>0.000</speed><sat>22</sat></trkpt>
  <trkpt lat="59.66699973" lon="10.76397208"><ele>123.386</ele><time>2026-08-20T11:17:25Z</time><speed>0.400</speed><sat>22</sat></trkpt>
  <trkpt lat="59.66700256" lon="10.76396815"><ele>123.167</ele><time>2026-08-20T11:17:26Z</time><speed>0.410</speed><sat>21</sat></trkpt>
  <trkpt lat="59.66700315" lon="10.76396485"><ele>123.828</ele><time>2026-08-20T11:17:27Z</time><speed>0.250</speed><sat>21</sat></trkpt>
  <trkpt lat="59.66700059" lon="10.76396360"><ele>123.786</ele><time>2026-08-20T11:17:28Z</time><speed>0.000</speed><sat>22</sat></trkpt>
  <trkpt lat="59.66700217" lon="10.76395575"><ele>123.258</ele><time>2026-08-20T11:17:29Z</time><speed>0.490</speed><sat>23</sat></trkpt>
  <trkpt lat="59.66700252" lon="10.76394942"><ele>123.568</ele><time>2026-08-20T11:17:30Z</time><speed>0.000</speed><sat>23</sat></trkpt>
  <trkpt lat="59.66700326" lon="10.76394801"><ele>123.549</ele><time>2026-08-20T11:17:31Z</time><speed>0.000</speed><sat>24</sat></trkpt>
  <trkpt lat="59.66700455" lon="10.76394875"><ele>123.446</ele><time>2026-08-20T11:17:32Z</time><speed>0.170</speed><sat>25</sat></trkpt>
  <trkpt lat="59.66700431" lon="10.76395074"><ele>123.443</ele><time>2026-08-20T11:17:33Z</time><speed>0.000</speed><sat>25</sat></trkpt>
  <trkpt lat="59.66700418" lon="10.76395125"><ele>123.442</ele><time>2026-08-20T11:17:34Z</time><speed>0.000</speed><sat>25</sat></trkpt>
  <trkpt lat="59.66700462" lon="10.76395761"><ele>123.404</ele><time>2026-08-20T11:17:35Z</time><speed>0.000</speed><sat>25</sat></trkpt>
  <trkpt lat="59.66700467" lon="10.76395921"><ele>123.422</ele><time>2026-08-20T11:17:36Z</time><speed>0.000</speed><sat>24</sat></trkpt>
  <trkpt lat="59.66700469" lon="10.76395962"><ele>123.424</ele><time>2026-08-20T11:17:37Z</time><speed>0.000</speed><sat>24</sat></trkpt>
  <trkpt lat="59.66700474" lon="10.76395969"><ele>123.428</ele><time>2026-08-20T11:17:38Z</time><speed>0.000</speed><sat>22</sat></trkpt>
  <trkpt lat="59.66700475" lon="10.76395971"><ele>123.428</ele><time>2026-08-20T11:17:39Z</time><speed>0.000</speed><sat>24</sat></trkpt>
  <trkpt lat="59.66700477" lon="10.76395964"><ele>123.427</ele><time>2026-08-20T11:17:40Z</time><speed>0.000</speed><sat>24</sat></trkpt>
  <trkpt lat="59.66700479" lon="10.76395958"><ele>123.427</ele><time>2026-08-20T11:17:41Z</time><speed>0.000</speed><sat>24</sat></trkpt>
  <trkpt lat="59.66700481" lon="10.76395950"><ele>123.424</ele><time>2026-08-20T11:17:42Z</time><speed>0.000</speed><sat>24</sat></trkpt>
  <trkpt lat="59.66700482" lon="10.76395947"><ele>123.416</ele><time>2026-08-20T11:17:43Z</time><speed>0.000</speed><sat>24</sat></trkpt>
  <trkpt lat="59.66700488" lon="10.76395943"><ele>123.415</ele><time>2026-08-20T11:17:44Z</time><speed>0.000</speed><sat>24</sat></trkpt>
  <trkpt lat="59.66700497" lon="10.76395941"><ele>123.417</ele><time>2026-08-20T11:17:45Z</time><speed>0.000</speed><sat>24</sat></trkpt>
  <trkpt lat="59.66700503" lon="10.76395937"><ele>123.419</ele><time>2026-08-20T11:17:46Z</time><speed>0.000</speed><sat>25</sat></trkpt>
  <trkpt lat="59.66700508" lon="10.76395936"><ele>123.423</ele><time>2026-08-20T11:17:47Z</time><speed>0.000</speed><sat>25</sat></trkpt>
  <trkpt lat="59.66700509" lon="10.76395937"><ele>123.425</ele><time>2026-08-20T11:17:48Z</time><speed>0.000</speed><sat>25</sat></trkpt>
  <trkpt lat="59.66700509" lon="10.76395936"><ele>123.427</ele><time>2026-08-20T11:17:49Z</time><speed>0.000</speed><sat>25</sat></trkpt>
  <trkpt lat="59.66700507" lon="10.76395932"><ele>123.545</ele><time>2026-08-20T11:17:50Z</time><speed>0.000</speed><sat>25</sat></trkpt>
  <trkpt lat="59.66700498" lon="10.76395788"><ele>123.277</ele><time>2026-08-20T11:17:51Z</time><speed>0.000</speed><sat>25</sat></trkpt>
  <trkpt lat="59.66700495" lon="10.76395750"><ele>123.273</ele><time>2026-08-20T11:17:52Z</time><speed>0.000</speed><sat>24</sat></trkpt>
  <trkpt lat="59.66700494" lon="10.76395738"><ele>123.271</ele><time>2026-08-20T11:17:53Z</time><speed>0.000</speed><sat>22</sat></trkpt>
  <trkpt lat="59.66700496" lon="10.76395733"><ele>123.269</ele><time>2026-08-20T11:17:54Z</time><speed>0.000</speed><sat>20</sat></trkpt>
  <trkpt lat="59.66700495" lon="10.76395730"><ele>123.268</ele><time>2026-08-20T11:17:55Z</time><speed>0.000</speed><sat>22</sat></trkpt>
  <trkpt lat="59.66700495" lon="10.76395726"><ele>123.267</ele><time>2026-08-20T11:17:56Z</time><speed>0.000</speed><sat>21</sat></trkpt>
  <trkpt lat="59.66700497" lon="10.76395720"><ele>123.266</ele><time>2026-08-20T11:17:57Z</time><speed>0.000</speed><sat>21</sat></trkpt>
  <trkpt lat="59.66700499" lon="10.76395716"><ele>123.264</ele><time>2026-08-20T11:17:58Z</time><speed>0.000</speed><sat>21</sat></trkpt>
  <trkpt lat="59.66700501" lon="10.76395719"><ele>123.264</ele><time>2026-08-20T11:17:59Z</time><speed>0.000</speed><sat>21</sat></trkpt>
  <trkpt lat="59.66700510" lon="10.76395720"><ele>123.267</ele><time>2026-08-20T11:18:00Z</time><speed>0.000</speed><sat>21</sat></trkpt>
  <trkpt lat="59.66700512" lon="10.76395718"><ele>123.268</ele><time>2026-08-20T11:18:01Z</time><speed>0.000</speed><sat>22</sat></trkpt>
  <trkpt lat="59.66700429" lon="10.76395921"><ele>123.008</ele><time>2026-08-20T11:18:02Z</time><speed>0.210</speed><sat>22</sat></trkpt>
  <trkpt lat="59.66700561" lon="10.76395901"><ele>122.529</ele><time>2026-08-20T11:18:03Z</time><speed>0.170</speed><sat>24</sat></trkpt>
  <trkpt lat="59.66701253" lon="10.76395769"><ele>122.369</ele><time>2026-08-20T11:18:04Z</time><speed>0.000</speed><sat>25</sat></trkpt>
  <trkpt lat="59.66701338" lon="10.76395713"><ele>121.789</ele><time>2026-08-20T11:18:05Z</time><speed>0.000</speed><sat>24</sat></trkpt>
  <trkpt lat="59.66701531" lon="10.76395543"><ele>121.527</ele><time>2026-08-20T11:18:06Z</time><speed>0.160</speed><sat>25</sat></trkpt>
  <trkpt lat="59.66701902" lon="10.76395856"><ele>121.215</ele><time>2026-08-20T11:18:07Z</time><speed>0.000</speed><sat>25</sat></trkpt>
  <trkpt lat="59.66701730" lon="10.76395908"><ele>121.237</ele><time>2026-08-20T11:18:08Z</time><speed>0.210</speed><sat>25</sat></trkpt>
  <trkpt lat="59.66701608" lon="10.76396353"><ele>121.444</ele><time>2026-08-20T11:18:09Z</time><speed>0.150</speed><sat>25</sat></trkpt>
  <trkpt lat="59.66701951" lon="10.76397749"><ele>122.167</ele><time>2026-08-20T11:18:10Z</time><speed>0.330</speed><sat>25</sat></trkpt>
  <trkpt lat="59.66702249" lon="10.76398401"><ele>122.389</ele><time>2026-08-20T11:18:11Z</time><speed>0.000</speed><sat>25</sat></trkpt>
  <trkpt lat="59.66702356" lon="10.76398672"><ele>122.423</ele><time>2026-08-20T11:18:12Z</time><speed>0.000</speed><sat>24</sat></trkpt>
  <trkpt lat="59.66702767" lon="10.76399367"><ele>122.567</ele><time>2026-08-20T11:18:13Z</time><speed>0.000</speed><sat>25</sat></trkpt>
  <trkpt lat="59.66702828" lon="10.76400658"><ele>122.860</ele><time>2026-08-20T11:18:14Z</time><speed>0.520</speed><sat>26</sat></trkpt>
  <trkpt lat="59.66703075" lon="10.76402290"><ele>122.529</ele><time>2026-08-20T11:18:15Z</time><speed>0.700</speed><sat>25</sat></trkpt>
  <trkpt lat="59.66703288" lon="10.76403869"><ele>122.609</ele><time>2026-08-20T11:18:16Z</time><speed>0.530</speed><sat>26</sat></trkpt>
  <trkpt lat="59.66703234" lon="10.76405101"><ele>122.386</ele><time>2026-08-20T11:18:17Z</time><speed>0.000</speed><sat>26</sat></trkpt>
  <trkpt lat="59.66703353" lon="10.76405722"><ele>122.362</ele><time>2026-08-20T11:18:18Z</time><speed>0.160</speed><sat>26</sat></trkpt>
  <trkpt lat="59.66703461" lon="10.76406028"><ele>122.356</ele><time>2026-08-20T11:18:19Z</time><speed>0.000</speed><sat>26</sat></trkpt>
  <trkpt lat="59.66703469" lon="10.76407279"><ele>122.057</ele><time>2026-08-20T11:18:20Z</time><speed>0.540</speed><sat>25</sat></trkpt>
  <trkpt lat="59.66703473" lon="10.76408428"><ele>121.897</ele><time>2026-08-20T11:18:21Z</time><speed>0.560</speed><sat>26</sat></trkpt>
  <trkpt lat="59.66703323" lon="10.76410156"><ele>121.425</ele><time>2026-08-20T11:18:22Z</time><speed>0.740</speed><sat>26</sat></trkpt>
  <trkpt lat="59.66703283" lon="10.76411752"><ele>121.152</ele><time>2026-08-20T11:18:23Z</time><speed>0.570</speed><sat>26</sat></trkpt>
  <trkpt lat="59.66703156" lon="10.76413512"><ele>120.459</ele><time>2026-08-20T11:18:24Z</time><speed>0.550</speed><sat>26</sat></trkpt>
  <trkpt lat="59.66703093" lon="10.76415479"><ele>120.494</ele><time>2026-08-20T11:18:25Z</time><speed>0.760</speed><sat>26</sat></trkpt>
  <trkpt lat="59.66703104" lon="10.76417415"><ele>120.085</ele><time>2026-08-20T11:18:26Z</time><speed>0.700</speed><sat>26</sat></trkpt>
  <trkpt lat="59.66703130" lon="10.76419164"><ele>119.465</ele><time>2026-08-20T11:18:27Z</time><speed>0.720</speed><sat>26</sat></trkpt>
  <trkpt lat="59.66703167" lon="10.76421073"><ele>119.482</ele><time>2026-08-20T11:18:28Z</time><speed>0.850</speed><sat>26</sat></trkpt>
  <trkpt lat="59.66703497" lon="10.76422598"><ele>120.340</ele><time>2026-08-20T11:18:29Z</time><speed>0.000</speed><sat>26</sat></trkpt>
  <trkpt lat="59.66703692" lon="10.76424936"><ele>120.703</ele><time>2026-08-20T11:18:30Z</time><speed>0.990</speed><sat>26</sat></trkpt>
  <trkpt lat="59.66703922" lon="10.76426708"><ele>120.398</ele><time>2026-08-20T11:18:31Z</time><speed>0.860</speed><sat>25</sat></trkpt>
  <trkpt lat="59.66704141" lon="10.76428492"><ele>120.390</ele><time>2026-08-20T11:18:32Z</time><speed>0.840</speed><sat>26</sat></trkpt>
  <trkpt lat="59.66704244" lon="10.76430123"><ele>120.269</ele><time>2026-08-20T11:18:33Z</time><speed>0.920</speed><sat>26</sat></trkpt>
  <trkpt lat="59.66704284" lon="10.76431712"><ele>119.746</ele><time>2026-08-20T11:18:34Z</time><speed>0.900</speed><sat>26</sat></trkpt>
  <trkpt lat="59.66704217" lon="10.76433945"><ele>120.143</ele><time>2026-08-20T11:18:35Z</time><speed>0.990</speed><sat>26</sat></trkpt>
  <trkpt lat="59.66704078" lon="10.76436074"><ele>119.801</ele><time>2026-08-20T11:18:36Z</time><speed>1.010</speed><sat>26</sat></trkpt>
  <trkpt lat="59.66704162" lon="10.76438736"><ele>120.018</ele><time>2026-08-20T11:18:37Z</time><speed>1.280</speed><sat>26</sat></trkpt>
  <trkpt lat="59.66704396" lon="10.76441804"><ele>120.492</ele><time>2026-08-20T11:18:38Z</time><speed>1.380</speed><sat>25</sat></trkpt>
  <trkpt lat="59.66704277" lon="10.76444003"><ele>119.659</ele><time>2026-08-20T11:18:39Z</time><speed>1.170</speed><sat>24</sat></trkpt>
  <trkpt lat="59.66704138" lon="10.76446472"><ele>119.295</ele><time>2026-08-20T11:18:40Z</time><speed>1.320</speed><sat>25</sat></trkpt>
  <trkpt lat="59.66704031" lon="10.76449748"><ele>119.020</ele><time>2026-08-20T11:18:41Z</time><speed>1.710</speed><sat>25</sat></trkpt>
  <trkpt lat="59.66703712" lon="10.76453092"><ele>118.367</ele><time>2026-08-20T11:18:42Z</time><speed>1.790</speed><sat>25</sat></trkpt>
  <trkpt lat="59.66703410" lon="10.76456582"><ele>118.720</ele><time>2026-08-20T11:18:43Z</time><speed>1.800</speed><sat>25</sat></trkpt>
  <trkpt lat="59.66703361" lon="10.76460057"><ele>118.716</ele><time>2026-08-20T11:18:44Z</time><speed>1.810</speed><sat>24</sat></trkpt>
  <trkpt lat="59.66703377" lon="10.76463544"><ele>119.038</ele><time>2026-08-20T11:18:45Z</time><speed>1.760</speed><sat>24</sat></trkpt>
  <trkpt lat="59.66703330" lon="10.76467070"><ele>119.185</ele><time>2026-08-20T11:18:46Z</time><speed>1.750</speed><sat>24</sat></trkpt>
  <trkpt lat="59.66703102" lon="10.76470059"><ele>118.318</ele><time>2026-08-20T11:18:47Z</time><speed>1.730</speed><sat>26</sat></trkpt>
  <trkpt lat="59.66703018" lon="10.76473151"><ele>118.261</ele><time>2026-08-20T11:18:48Z</time><speed>1.750</speed><sat>26</sat></trkpt>
  <trkpt lat="59.66702861" lon="10.76476222"><ele>118.210</ele><time>2026-08-20T11:18:49Z</time><speed>1.740</speed><sat>26</sat></trkpt>
  <trkpt lat="59.66702694" lon="10.76479320"><ele>118.013</ele><time>2026-08-20T11:18:50Z</time><speed>1.760</speed><sat>26</sat></trkpt>
  <trkpt lat="59.66702590" lon="10.76482533"><ele>118.593</ele><time>2026-08-20T11:18:51Z</time><speed>1.730</speed><sat>26</sat></trkpt>
  <trkpt lat="59.66702557" lon="10.76485703"><ele>118.719</ele><time>2026-08-20T11:18:52Z</time><speed>1.730</speed><sat>26</sat></trkpt>
  <trkpt lat="59.66702616" lon="10.76488833"><ele>119.013</ele><time>2026-08-20T11:18:53Z</time><speed>1.730</speed><sat>26</sat></trkpt>
  <trkpt lat="59.66702712" lon="10.76492282"><ele>119.051</ele><time>2026-08-20T11:18:54Z</time><speed>1.750</speed><sat>24</sat></trkpt>
  <trkpt lat="59.66702876" lon="10.76495555"><ele>119.279</ele><time>2026-08-20T11:18:55Z</time><speed>1.730</speed><sat>25</sat></trkpt>
  <trkpt lat="59.66703075" lon="10.76498848"><ele>119.492</ele><time>2026-08-20T11:18:56Z</time><speed>1.790</speed><sat>25</sat></trkpt>
  <trkpt lat="59.66703238" lon="10.76502050"><ele>119.729</ele><time>2026-08-20T11:18:57Z</time><speed>1.760</speed><sat>24</sat></trkpt>
  <trkpt lat="59.66703232" lon="10.76505231"><ele>119.408</ele><time>2026-08-20T11:18:58Z</time><speed>1.760</speed><sat>22</sat></trkpt>
  <trkpt lat="59.66703183" lon="10.76508078"><ele>119.717</ele><time>2026-08-20T11:18:59Z</time><speed>1.580</speed><sat>26</sat></trkpt>
  <trkpt lat="59.66703192" lon="10.76511127"><ele>119.366</ele><time>2026-08-20T11:19:00Z</time><speed>1.650</speed><sat>26</sat></trkpt>
  <trkpt lat="59.66703179" lon="10.76514055"><ele>119.888</ele><time>2026-08-20T11:19:01Z</time><speed>1.580</speed><sat>26</sat></trkpt>
  <trkpt lat="59.66703095" lon="10.76516289"><ele>120.060</ele><time>2026-08-20T11:19:02Z</time><speed>1.250</speed><sat>26</sat></trkpt>
  <trkpt lat="59.66703033" lon="10.76518579"><ele>120.011</ele><time>2026-08-20T11:19:03Z</time><speed>1.350</speed><sat>26</sat></trkpt>
  <trkpt lat="59.66702898" lon="10.76520977"><ele>119.693</ele><time>2026-08-20T11:19:04Z</time><speed>1.280</speed><sat>26</sat></trkpt>
  <trkpt lat="59.66702718" lon="10.76523619"><ele>119.653</ele><time>2026-08-20T11:19:05Z</time><speed>1.380</speed><sat>26</sat></trkpt>
  <trkpt lat="59.66702754" lon="10.76526118"><ele>119.753</ele><time>2026-08-20T11:19:06Z</time><speed>1.240</speed><sat>26</sat></trkpt>
  <trkpt lat="59.66702804" lon="10.76528825"><ele>120.757</ele><time>2026-08-20T11:19:07Z</time><speed>1.380</speed><sat>26</sat></trkpt>
  <trkpt lat="59.66702995" lon="10.76530413"><ele>120.930</ele><time>2026-08-20T11:19:08Z</time><speed>0.720</speed><sat>26</sat></trkpt>
  <trkpt lat="59.66703236" lon="10.76531519"><ele>120.923</ele><time>2026-08-20T11:19:09Z</time><speed>0.450</speed><sat>26</sat></trkpt>
  <trkpt lat="59.66703470" lon="10.76531805"><ele>120.905</ele><time>2026-08-20T11:19:10Z</time><speed>0.000</speed><sat>25</sat></trkpt>
  <trkpt lat="59.66703529" lon="10.76531845"><ele>120.900</ele><time>2026-08-20T11:19:11Z</time><speed>0.000</speed><sat>25</sat></trkpt>
  <trkpt lat="59.66703547" lon="10.76531853"><ele>120.893</ele><time>2026-08-20T11:19:12Z</time><speed>0.000</speed><sat>25</sat></trkpt>
  <trkpt lat="59.66703553" lon="10.76531858"><ele>120.885</ele><time>2026-08-20T11:19:13Z</time><speed>0.000</speed><sat>26</sat></trkpt>
  <trkpt lat="59.66703554" lon="10.76531866"><ele>120.888</ele><time>2026-08-20T11:19:14Z</time><speed>0.000</speed><sat>26</sat></trkpt>
  <trkpt lat="59.66703552" lon="10.76531875"><ele>120.891</ele><time>2026-08-20T11:19:15Z</time><speed>0.000</speed><sat>26</sat></trkpt>
  <trkpt lat="59.66703660" lon="10.76531721"><ele>120.915</ele><time>2026-08-20T11:19:16Z</time><speed>0.000</speed><sat>24</sat></trkpt>
  <trkpt lat="59.66703806" lon="10.76531265"><ele>120.894</ele><time>2026-08-20T11:19:17Z</time><speed>0.000</speed><sat>24</sat></trkpt>
  <trkpt lat="59.66703835" lon="10.76531104"><ele>120.848</ele><time>2026-08-20T11:19:18Z</time><speed>0.000</speed><sat>26</sat></trkpt>
  <trkpt lat="59.66703843" lon="10.76531060"><ele>120.843</ele><time>2026-08-20T11:19:19Z</time><speed>0.000</speed><sat>24</sat></trkpt>
  <trkpt lat="59.66703847" lon="10.76531042"><ele>120.838</ele><time>2026-08-20T11:19:20Z</time><speed>0.000</speed><sat>24</sat></trkpt>
  <trkpt lat="59.66703850" lon="10.76531032"><ele>120.836</ele><time>2026-08-20T11:19:21Z</time><speed>0.000</speed><sat>24</sat></trkpt>
  <trkpt lat="59.66703852" lon="10.76531026"><ele>120.829</ele><time>2026-08-20T11:19:22Z</time><speed>0.000</speed><sat>24</sat></trkpt>
  <trkpt lat="59.66703854" lon="10.76531020"><ele>120.824</ele><time>2026-08-20T11:19:23Z</time><speed>0.000</speed><sat>23</sat></trkpt>
  <trkpt lat="59.66703918" lon="10.76531688"><ele>120.457</ele><time>2026-08-20T11:19:24Z</time><speed>0.390</speed><sat>22</sat></trkpt>
  <trkpt lat="59.66704113" lon="10.76533582"><ele>120.915</ele><time>2026-08-20T11:19:25Z</time><speed>0.990</speed><sat>23</sat></trkpt>
  <trkpt lat="59.66704325" lon="10.76535582"><ele>120.923</ele><time>2026-08-20T11:19:26Z</time><speed>1.330</speed><sat>25</sat></trkpt>
  <trkpt lat="59.66704720" lon="10.76538639"><ele>120.443</ele><time>2026-08-20T11:19:27Z</time><speed>1.460</speed><sat>25</sat></trkpt>
  <trkpt lat="59.66705033" lon="10.76541559"><ele>120.222</ele><time>2026-08-20T11:19:28Z</time><speed>1.540</speed><sat>26</sat></trkpt>
  <trkpt lat="59.66705239" lon="10.76544604"><ele>120.070</ele><time>2026-08-20T11:19:29Z</time><speed>1.550</speed><sat>26</sat></trkpt>
  <trkpt lat="59.66705294" lon="10.76547339"><ele>120.139</ele><time>2026-08-20T11:19:30Z</time><speed>1.570</speed><sat>26</sat></trkpt>
  <trkpt lat="59.66705366" lon="10.76549936"><ele>120.412</ele><time>2026-08-20T11:19:31Z</time><speed>1.450</speed><sat>26</sat></trkpt>
  <trkpt lat="59.66705426" lon="10.76552813"><ele>120.351</ele><time>2026-08-20T11:19:32Z</time><speed>1.590</speed><sat>26</sat></trkpt>
  <trkpt lat="59.66705479" lon="10.76555810"><ele>120.796</ele><time>2026-08-20T11:19:33Z</time><speed>1.780</speed><sat>24</sat></trkpt>
  <trkpt lat="59.66705459" lon="10.76558433"><ele>120.927</ele><time>2026-08-20T11:19:34Z</time><speed>1.480</speed><sat>24</sat></trkpt>
  <trkpt lat="59.66705323" lon="10.76561054"><ele>120.247</ele><time>2026-08-20T11:19:35Z</time><speed>1.660</speed><sat>24</sat></trkpt>
  <trkpt lat="59.66705101" lon="10.76563671"><ele>119.948</ele><time>2026-08-20T11:19:36Z</time><speed>1.630</speed><sat>24</sat></trkpt>
  <trkpt lat="59.66705119" lon="10.76566066"><ele>118.901</ele><time>2026-08-20T11:19:37Z</time><speed>1.340</speed><sat>24</sat></trkpt>
  <trkpt lat="59.66705325" lon="10.76568734"><ele>117.975</ele><time>2026-08-20T11:19:38Z</time><speed>1.360</speed><sat>24</sat></trkpt>
  <trkpt lat="59.66705590" lon="10.76570775"><ele>117.135</ele><time>2026-08-20T11:19:39Z</time><speed>1.040</speed><sat>26</sat></trkpt>
  <trkpt lat="59.66705752" lon="10.76573232"><ele>117.594</ele><time>2026-08-20T11:19:40Z</time><speed>1.370</speed><sat>25</sat></trkpt>
  <trkpt lat="59.66705573" lon="10.76576157"><ele>117.544</ele><time>2026-08-20T11:19:41Z</time><speed>1.430</speed><sat>25</sat></trkpt>
  <trkpt lat="59.66705507" lon="10.76578517"><ele>116.674</ele><time>2026-08-20T11:19:42Z</time><speed>1.060</speed><sat>26</sat></trkpt>
  <trkpt lat="59.66705610" lon="10.76581472"><ele>117.058</ele><time>2026-08-20T11:19:43Z</time><speed>1.620</speed><sat>25</sat></trkpt>
  <trkpt lat="59.66705584" lon="10.76582689"><ele>116.516</ele><time>2026-08-20T11:19:44Z</time><speed>0.420</speed><sat>25</sat></trkpt>
  <trkpt lat="59.66705746" lon="10.76583452"><ele>116.175</ele><time>2026-08-20T11:19:45Z</time><speed>0.490</speed><sat>22</sat></trkpt>
  <trkpt lat="59.66705761" lon="10.76583947"><ele>116.752</ele><time>2026-08-20T11:19:46Z</time><speed>0.250</speed><sat>22</sat></trkpt>
  <trkpt lat="59.66705850" lon="10.76585004"><ele>117.172</ele><time>2026-08-20T11:19:47Z</time><speed>0.650</speed><sat>21</sat></trkpt>
  <trkpt lat="59.66705785" lon="10.76586137"><ele>117.482</ele><time>2026-08-20T11:19:48Z</time><speed>0.620</speed><sat>20</sat></trkpt>
  <trkpt lat="59.66705574" lon="10.76587361"><ele>117.518</ele><time>2026-08-20T11:19:49Z</time><speed>0.690</speed><sat>19</sat></trkpt>
  <trkpt lat="59.66705440" lon="10.76588504"><ele>117.539</ele><time>2026-08-20T11:19:50Z</time><speed>0.530</speed><sat>19</sat></trkpt>
  <trkpt lat="59.66705367" lon="10.76589412"><ele>117.729</ele><time>2026-08-20T11:19:51Z</time><speed>0.480</speed><sat>19</sat></trkpt>
  <trkpt lat="59.66705193" lon="10.76589743"><ele>117.911</ele><time>2026-08-20T11:19:52Z</time><speed>0.380</speed><sat>20</sat></trkpt>
  <trkpt lat="59.66705018" lon="10.76589233"><ele>117.913</ele><time>2026-08-20T11:19:53Z</time><speed>0.000</speed><sat>20</sat></trkpt>
  <trkpt lat="59.66704966" lon="10.76588890"><ele>117.827</ele><time>2026-08-20T11:19:54Z</time><speed>0.000</speed><sat>20</sat></trkpt>
  <trkpt lat="59.66704957" lon="10.76588755"><ele>117.809</ele><time>2026-08-20T11:19:55Z</time><speed>0.000</speed><sat>20</sat></trkpt>
  <trkpt lat="59.66704954" lon="10.76588717"><ele>117.807</ele><time>2026-08-20T11:19:56Z</time><speed>0.000</speed><sat>21</sat></trkpt>
  <trkpt lat="59.66704955" lon="10.76588710"><ele>117.799</ele><time>2026-08-20T11:19:57Z</time><speed>0.000</speed><sat>21</sat></trkpt>
  <trkpt lat="59.66704955" lon="10.76588703"><ele>117.797</ele><time>2026-08-20T11:19:58Z</time><speed>0.000</speed><sat>22</sat></trkpt>
  <trkpt lat="59.66704955" lon="10.76588699"><ele>117.799</ele><time>2026-08-20T11:19:59Z</time><speed>0.000</speed><sat>22</sat></trkpt>
  <trkpt lat="59.66704955" lon="10.76588697"><ele>117.799</ele><time>2026-08-20T11:20:00Z</time><speed>0.000</speed><sat>23</sat></trkpt>
  <trkpt lat="59.66704954" lon="10.76588696"><ele>117.800</ele><time>2026-08-20T11:20:01Z</time><speed>0.000</speed><sat>23</sat></trkpt>
  <trkpt lat="59.66704953" lon="10.76588692"><ele>117.804</ele><time>2026-08-20T11:20:02Z</time><speed>0.000</speed><sat>22</sat></trkpt>
  <trkpt lat="59.66704953" lon="10.76588684"><ele>117.805</ele><time>2026-08-20T11:20:03Z</time><speed>0.000</speed><sat>22</sat></trkpt>
  <trkpt lat="59.66704954" lon="10.76588680"><ele>117.805</ele><time>2026-08-20T11:20:04Z</time><speed>0.000</speed><sat>22</sat></trkpt>
  <trkpt lat="59.66704951" lon="10.76588679"><ele>117.806</ele><time>2026-08-20T11:20:05Z</time><speed>0.000</speed><sat>22</sat></trkpt>
  <trkpt lat="59.66704950" lon="10.76588678"><ele>117.810</ele><time>2026-08-20T11:20:06Z</time><speed>0.000</speed><sat>22</sat></trkpt>
  <trkpt lat="59.66704951" lon="10.76588677"><ele>117.814</ele><time>2026-08-20T11:20:07Z</time><speed>0.000</speed><sat>22</sat></trkpt>
  <trkpt lat="59.66704954" lon="10.76588676"><ele>117.817</ele><time>2026-08-20T11:20:08Z</time><speed>0.000</speed><sat>22</sat></trkpt>
  <trkpt lat="59.66704941" lon="10.76588774"><ele>117.727</ele><time>2026-08-20T11:20:09Z</time><speed>0.250</speed><sat>22</sat></trkpt>
  <trkpt lat="59.66704899" lon="10.76588556"><ele>117.729</ele><time>2026-08-20T11:20:10Z</time><speed>0.000</speed><sat>23</sat></trkpt>
  <trkpt lat="59.66704736" lon="10.76588498"><ele>117.562</ele><time>2026-08-20T11:20:11Z</time><speed>0.200</speed><sat>23</sat></trkpt>
  <trkpt lat="59.66704577" lon="10.76588568"><ele>117.432</ele><time>2026-08-20T11:20:12Z</time><speed>0.000</speed><sat>22</sat></trkpt>
  <trkpt lat="59.66704698" lon="10.76588500"><ele>117.322</ele><time>2026-08-20T11:20:13Z</time><speed>0.000</speed><sat>21</sat></trkpt>
  <trkpt lat="59.66704737" lon="10.76588482"><ele>117.292</ele><time>2026-08-20T11:20:14Z</time><speed>0.000</speed><sat>21</sat></trkpt>
  <trkpt lat="59.66704748" lon="10.76588474"><ele>117.293</ele><time>2026-08-20T11:20:15Z</time><speed>0.000</speed><sat>21</sat></trkpt>
  <trkpt lat="59.66705157" lon="10.76588757"><ele>117.765</ele><time>2026-08-20T11:20:16Z</time><speed>0.520</speed><sat>21</sat></trkpt>
  <trkpt lat="59.66704975" lon="10.76589280"><ele>117.592</ele><time>2026-08-20T11:20:17Z</time><speed>0.390</speed><sat>21</sat></trkpt>
  <trkpt lat="59.66704835" lon="10.76590157"><ele>117.357</ele><time>2026-08-20T11:20:18Z</time><speed>0.550</speed><sat>21</sat></trkpt>
  <trkpt lat="59.66704610" lon="10.76590761"><ele>117.097</ele><time>2026-08-20T11:20:19Z</time><speed>0.590</speed><sat>21</sat></trkpt>
  <trkpt lat="59.66704249" lon="10.76591847"><ele>117.622</ele><time>2026-08-20T11:20:20Z</time><speed>0.770</speed><sat>21</sat></trkpt>
  <trkpt lat="59.66704153" lon="10.76592174"><ele>117.815</ele><time>2026-08-20T11:20:21Z</time><speed>0.310</speed><sat>22</sat></trkpt>
  <trkpt lat="59.66704178" lon="10.76591731"><ele>117.817</ele><time>2026-08-20T11:20:22Z</time><speed>0.000</speed><sat>22</sat></trkpt>
  <trkpt lat="59.66704190" lon="10.76591609"><ele>117.815</ele><time>2026-08-20T11:20:23Z</time><speed>0.000</speed><sat>22</sat></trkpt>
  <trkpt lat="59.66704193" lon="10.76591591"><ele>117.817</ele><time>2026-08-20T11:20:24Z</time><speed>0.000</speed><sat>22</sat></trkpt>
  <trkpt lat="59.66704191" lon="10.76591594"><ele>117.817</ele><time>2026-08-20T11:20:25Z</time><speed>0.000</speed><sat>23</sat></trkpt>
  <trkpt lat="59.66704189" lon="10.76591603"><ele>117.815</ele><time>2026-08-20T11:20:26Z</time><speed>0.000</speed><sat>23</sat></trkpt>
  <trkpt lat="59.66704186" lon="10.76591607"><ele>117.813</ele><time>2026-08-20T11:20:27Z</time><speed>0.000</speed><sat>22</sat></trkpt>
  <trkpt lat="59.66704178" lon="10.76591620"><ele>117.822</ele><time>2026-08-20T11:20:28Z</time><speed>0.000</speed><sat>22</sat></trkpt>
  <trkpt lat="59.66704089" lon="10.76591739"><ele>118.221</ele><time>2026-08-20T11:20:29Z</time><speed>0.000</speed><sat>22</sat></trkpt>
  <trkpt lat="59.66704149" lon="10.76591569"><ele>118.534</ele><time>2026-08-20T11:20:30Z</time><speed>0.000</speed><sat>22</sat></trkpt>
  <trkpt lat="59.66704349" lon="10.76592098"><ele>118.065</ele><time>2026-08-20T11:20:31Z</time><speed>0.000</speed><sat>22</sat></trkpt>
  <trkpt lat="59.66704512" lon="10.76592965"><ele>118.295</ele><time>2026-08-20T11:20:32Z</time><speed>0.000</speed><sat>22</sat></trkpt>
  <trkpt lat="59.66704556" lon="10.76593183"><ele>118.233</ele><time>2026-08-20T11:20:33Z</time><speed>0.000</speed><sat>22</sat></trkpt>
  <trkpt lat="59.66704567" lon="10.76593240"><ele>118.233</ele><time>2026-08-20T11:20:34Z</time><speed>0.000</speed><sat>22</sat></trkpt>
  <trkpt lat="59.66704571" lon="10.76593258"><ele>118.238</ele><time>2026-08-20T11:20:35Z</time><speed>0.000</speed><sat>22</sat></trkpt>
  <trkpt lat="59.66704474" lon="10.76593322"><ele>118.057</ele><time>2026-08-20T11:20:36Z</time><speed>0.170</speed><sat>22</sat></trkpt>
  <trkpt lat="59.66704524" lon="10.76593491"><ele>118.283</ele><time>2026-08-20T11:20:37Z</time><speed>0.000</speed><sat>22</sat></trkpt>
  <trkpt lat="59.66704246" lon="10.76593914"><ele>117.939</ele><time>2026-08-20T11:20:38Z</time><speed>0.160</speed><sat>22</sat></trkpt>
  <trkpt lat="59.66704277" lon="10.76593905"><ele>118.547</ele><time>2026-08-20T11:20:39Z</time><speed>0.000</speed><sat>22</sat></trkpt>
  <trkpt lat="59.66704160" lon="10.76593882"><ele>118.544</ele><time>2026-08-20T11:20:40Z</time><speed>0.000</speed><sat>21</sat></trkpt>
  <trkpt lat="59.66704134" lon="10.76593893"><ele>118.616</ele><time>2026-08-20T11:20:41Z</time><speed>0.000</speed><sat>21</sat></trkpt>
  <trkpt lat="59.66704129" lon="10.76593893"><ele>118.614</ele><time>2026-08-20T11:20:42Z</time><speed>0.000</speed><sat>21</sat></trkpt>
  <trkpt lat="59.66704127" lon="10.76593898"><ele>118.618</ele><time>2026-08-20T11:20:43Z</time><speed>0.000</speed><sat>21</sat></trkpt>
  <trkpt lat="59.66704124" lon="10.76593905"><ele>118.620</ele><time>2026-08-20T11:20:44Z</time><speed>0.000</speed><sat>22</sat></trkpt>
  <trkpt lat="59.66704122" lon="10.76593910"><ele>118.622</ele><time>2026-08-20T11:20:45Z</time><speed>0.000</speed><sat>22</sat></trkpt>
  <trkpt lat="59.66704120" lon="10.76593916"><ele>118.626</ele><time>2026-08-20T11:20:46Z</time><speed>0.000</speed><sat>22</sat></trkpt>
  <trkpt lat="59.66704117" lon="10.76593920"><ele>118.626</ele><time>2026-08-20T11:20:47Z</time><speed>0.000</speed><sat>22</sat></trkpt>
  <trkpt lat="59.66704112" lon="10.76593927"><ele>118.629</ele><time>2026-08-20T11:20:48Z</time><speed>0.000</speed><sat>22</sat></trkpt>
  <trkpt lat="59.66704110" lon="10.76593935"><ele>118.635</ele><time>2026-08-20T11:20:49Z</time><speed>0.000</speed><sat>22</sat></trkpt>
  <trkpt lat="59.66704108" lon="10.76593941"><ele>118.638</ele><time>2026-08-20T11:20:50Z</time><speed>0.000</speed><sat>21</sat></trkpt>
  <trkpt lat="59.66704105" lon="10.76593948"><ele>118.644</ele><time>2026-08-20T11:20:51Z</time><speed>0.000</speed><sat>21</sat></trkpt>
  <trkpt lat="59.66704102" lon="10.76593949"><ele>118.645</ele><time>2026-08-20T11:20:52Z</time><speed>0.000</speed><sat>21</sat></trkpt>
  <trkpt lat="59.66703929" lon="10.76594322"><ele>118.409</ele><time>2026-08-20T11:20:53Z</time><speed>0.000</speed><sat>21</sat></trkpt>
  <trkpt lat="59.66703871" lon="10.76594422"><ele>118.398</ele><time>2026-08-20T11:20:54Z</time><speed>0.000</speed><sat>21</sat></trkpt>
  <trkpt lat="59.66703854" lon="10.76594451"><ele>118.400</ele><time>2026-08-20T11:20:55Z</time><speed>0.000</speed><sat>21</sat></trkpt>
  <trkpt lat="59.66703849" lon="10.76594459"><ele>118.402</ele><time>2026-08-20T11:20:56Z</time><speed>0.000</speed><sat>21</sat></trkpt>
  <trkpt lat="59.66703525" lon="10.76595081"><ele>118.408</ele><time>2026-08-20T11:20:57Z</time><speed>0.480</speed><sat>21</sat></trkpt>
  <trkpt lat="59.66703447" lon="10.76595909"><ele>118.600</ele><time>2026-08-20T11:20:58Z</time><speed>0.430</speed><sat>21</sat></trkpt>
  <trkpt lat="59.66703548" lon="10.76596632"><ele>119.011</ele><time>2026-08-20T11:20:59Z</time><speed>0.500</speed><sat>21</sat></trkpt>
  <trkpt lat="59.66703574" lon="10.76597601"><ele>118.569</ele><time>2026-08-20T11:21:00Z</time><speed>0.700</speed><sat>21</sat></trkpt>
  <trkpt lat="59.66703270" lon="10.76598979"><ele>118.448</ele><time>2026-08-20T11:21:01Z</time><speed>1.100</speed><sat>21</sat></trkpt>
  <trkpt lat="59.66702903" lon="10.76600788"><ele>118.727</ele><time>2026-08-20T11:21:02Z</time><speed>1.220</speed><sat>21</sat></trkpt>
  <trkpt lat="59.66702721" lon="10.76602180"><ele>119.099</ele><time>2026-08-20T11:21:03Z</time><speed>0.770</speed><sat>22</sat></trkpt>
  <trkpt lat="59.66702576" lon="10.76603590"><ele>119.159</ele><time>2026-08-20T11:21:04Z</time><speed>0.810</speed><sat>22</sat></trkpt>
  <trkpt lat="59.66702472" lon="10.76605201"><ele>119.027</ele><time>2026-08-20T11:21:05Z</time><speed>1.190</speed><sat>22</sat></trkpt>
  <trkpt lat="59.66702318" lon="10.76607129"><ele>119.142</ele><time>2026-08-20T11:21:06Z</time><speed>1.150</speed><sat>22</sat></trkpt>
  <trkpt lat="59.66702175" lon="10.76607969"><ele>119.561</ele><time>2026-08-20T11:21:07Z</time><speed>0.430</speed><sat>22</sat></trkpt>
  <trkpt lat="59.66702095" lon="10.76608061"><ele>119.454</ele><time>2026-08-20T11:21:08Z</time><speed>0.000</speed><sat>22</sat></trkpt>
  <trkpt lat="59.66702125" lon="10.76608162"><ele>119.357</ele><time>2026-08-20T11:21:09Z</time><speed>0.150</speed><sat>22</sat></trkpt>
  <trkpt lat="59.66702019" lon="10.76608314"><ele>119.542</ele><time>2026-08-20T11:21:10Z</time><speed>0.000</speed><sat>22</sat></trkpt>
  <trkpt lat="59.66701930" lon="10.76608487"><ele>119.595</ele><time>2026-08-20T11:21:11Z</time><speed>0.000</speed><sat>22</sat></trkpt>
  <trkpt lat="59.66702035" lon="10.76609348"><ele>119.734</ele><time>2026-08-20T11:21:12Z</time><speed>0.550</speed><sat>21</sat></trkpt>
  <trkpt lat="59.66702078" lon="10.76611121"><ele>119.964</ele><time>2026-08-20T11:21:13Z</time><speed>0.980</speed><sat>22</sat></trkpt>
  <trkpt lat="59.66701919" lon="10.76613119"><ele>119.890</ele><time>2026-08-20T11:21:14Z</time><speed>1.080</speed><sat>22</sat></trkpt>
  <trkpt lat="59.66701835" lon="10.76615090"><ele>119.763</ele><time>2026-08-20T11:21:15Z</time><speed>1.060</speed><sat>23</sat></trkpt>
  <trkpt lat="59.66701695" lon="10.76616962"><ele>119.421</ele><time>2026-08-20T11:21:16Z</time><speed>0.980</speed><sat>23</sat></trkpt>
  <trkpt lat="59.66701514" lon="10.76619155"><ele>119.352</ele><time>2026-08-20T11:21:17Z</time><speed>1.080</speed><sat>24</sat></trkpt>
  <trkpt lat="59.66701385" lon="10.76621418"><ele>119.539</ele><time>2026-08-20T11:21:18Z</time><speed>1.090</speed><sat>24</sat></trkpt>
  <trkpt lat="59.66701463" lon="10.76623517"><ele>119.748</ele><time>2026-08-20T11:21:19Z</time><speed>1.060</speed><sat>24</sat></trkpt>
  <trkpt lat="59.66701641" lon="10.76625693"><ele>119.673</ele><time>2026-08-20T11:21:20Z</time><speed>1.130</speed><sat>24</sat></trkpt>
  <trkpt lat="59.66701640" lon="10.76628496"><ele>120.269</ele><time>2026-08-20T11:21:21Z</time><speed>1.470</speed><sat>24</sat></trkpt>
  <trkpt lat="59.66701572" lon="10.76630610"><ele>120.972</ele><time>2026-08-20T11:21:22Z</time><speed>1.060</speed><sat>24</sat></trkpt>
  <trkpt lat="59.66701752" lon="10.76632592"><ele>121.430</ele><time>2026-08-20T11:21:23Z</time><speed>1.240</speed><sat>24</sat></trkpt>
  <trkpt lat="59.66701690" lon="10.76633716"><ele>121.007</ele><time>2026-08-20T11:21:24Z</time><speed>0.000</speed><sat>24</sat></trkpt>
  <trkpt lat="59.66701600" lon="10.76634254"><ele>121.060</ele><time>2026-08-20T11:21:25Z</time><speed>0.000</speed><sat>23</sat></trkpt>
  <trkpt lat="59.66701580" lon="10.76634376"><ele>121.062</ele><time>2026-08-20T11:21:26Z</time><speed>0.000</speed><sat>23</sat></trkpt>
  <trkpt lat="59.66700780" lon="10.76636918"><ele>120.747</ele><time>2026-08-20T11:21:27Z</time><speed>1.760</speed><sat>23</sat></trkpt>
  <trkpt lat="59.66700090" lon="10.76639731"><ele>120.624</ele><time>2026-08-20T11:21:28Z</time><speed>1.500</speed><sat>23</sat></trkpt>
  <trkpt lat="59.66699405" lon="10.76642568"><ele>120.646</ele><time>2026-08-20T11:21:29Z</time><speed>1.500</speed><sat>24</sat></trkpt>
  <trkpt lat="59.66698702" lon="10.76645498"><ele>120.818</ele><time>2026-08-20T11:21:30Z</time><speed>1.420</speed><sat>24</sat></trkpt>
  <trkpt lat="59.66697961" lon="10.76648727"><ele>120.757</ele><time>2026-08-20T11:21:31Z</time><speed>1.440</speed><sat>24</sat></trkpt>
  <trkpt lat="59.66697593" lon="10.76651910"><ele>121.045</ele><time>2026-08-20T11:21:32Z</time><speed>1.300</speed><sat>26</sat></trkpt>
  <trkpt lat="59.66697258" lon="10.76655085"><ele>121.165</ele><time>2026-08-20T11:21:33Z</time><speed>1.280</speed><sat>26</sat></trkpt>
  <trkpt lat="59.66697098" lon="10.76657767"><ele>121.333</ele><time>2026-08-20T11:21:34Z</time><speed>0.890</speed><sat>26</sat></trkpt>
  <trkpt lat="59.66697126" lon="10.76658876"><ele>122.030</ele><time>2026-08-20T11:21:35Z</time><speed>0.000</speed><sat>26</sat></trkpt>
  <trkpt lat="59.66697240" lon="10.76659236"><ele>122.186</ele><time>2026-08-20T11:21:36Z</time><speed>0.000</speed><sat>26</sat></trkpt>
  <trkpt lat="59.66697239" lon="10.76659587"><ele>122.173</ele><time>2026-08-20T11:21:37Z</time><speed>0.000</speed><sat>26</sat></trkpt>
  <trkpt lat="59.66697383" lon="10.76660127"><ele>122.317</ele><time>2026-08-20T11:21:38Z</time><speed>0.370</speed><sat>26</sat></trkpt>
  <trkpt lat="59.66697524" lon="10.76660918"><ele>122.690</ele><time>2026-08-20T11:21:39Z</time><speed>0.720</speed><sat>26</sat></trkpt>
  <trkpt lat="59.66697984" lon="10.76662609"><ele>122.228</ele><time>2026-08-20T11:21:40Z</time><speed>1.290</speed><sat>26</sat></trkpt>
  <trkpt lat="59.66698674" lon="10.76664743"><ele>122.084</ele><time>2026-08-20T11:21:41Z</time><speed>1.560</speed><sat>26</sat></trkpt>
  <trkpt lat="59.66699335" lon="10.76666525"><ele>122.421</ele><time>2026-08-20T11:21:42Z</time><speed>1.330</speed><sat>26</sat></trkpt>
  <trkpt lat="59.66700026" lon="10.76668621"><ele>122.846</ele><time>2026-08-20T11:21:43Z</time><speed>1.380</speed><sat>26</sat></trkpt>
  <trkpt lat="59.66700744" lon="10.76671015"><ele>122.857</ele><time>2026-08-20T11:21:44Z</time><speed>1.410</speed><sat>26</sat></trkpt>
  <trkpt lat="59.66701496" lon="10.76673266"><ele>122.668</ele><time>2026-08-20T11:21:45Z</time><speed>1.340</speed><sat>26</sat></trkpt>
  <trkpt lat="59.66702266" lon="10.76675375"><ele>122.584</ele><time>2026-08-20T11:21:46Z</time><speed>1.310</speed><sat>26</sat></trkpt>
  <trkpt lat="59.66703176" lon="10.76677371"><ele>122.807</ele><time>2026-08-20T11:21:47Z</time><speed>1.280</speed><sat>26</sat></trkpt>
  <trkpt lat="59.66704054" lon="10.76679124"><ele>123.233</ele><time>2026-08-20T11:21:48Z</time><speed>1.250</speed><sat>25</sat></trkpt>
  <trkpt lat="59.66704769" lon="10.76680461"><ele>122.658</ele><time>2026-08-20T11:21:49Z</time><speed>1.080</speed><sat>25</sat></trkpt>
  <trkpt lat="59.66705325" lon="10.76681462"><ele>122.434</ele><time>2026-08-20T11:21:50Z</time><speed>0.890</speed><sat>25</sat></trkpt>
  <trkpt lat="59.66705941" lon="10.76682380"><ele>122.604</ele><time>2026-08-20T11:21:51Z</time><speed>0.950</speed><sat>26</sat></trkpt>
  <trkpt lat="59.66706532" lon="10.76682863"><ele>122.777</ele><time>2026-08-20T11:21:52Z</time><speed>0.690</speed><sat>26</sat></trkpt>
  <trkpt lat="59.66707173" lon="10.76683521"><ele>122.912</ele><time>2026-08-20T11:21:53Z</time><speed>0.740</speed><sat>26</sat></trkpt>
  <trkpt lat="59.66708018" lon="10.76684733"><ele>123.032</ele><time>2026-08-20T11:21:54Z</time><speed>1.170</speed><sat>26</sat></trkpt>
  <trkpt lat="59.66708727" lon="10.76685914"><ele>122.700</ele><time>2026-08-20T11:21:55Z</time><speed>1.010</speed><sat>26</sat></trkpt>
  <trkpt lat="59.66709390" lon="10.76686953"><ele>122.737</ele><time>2026-08-20T11:21:56Z</time><speed>0.950</speed><sat>26</sat></trkpt>
  <trkpt lat="59.66710036" lon="10.76687786"><ele>122.716</ele><time>2026-08-20T11:21:57Z</time><speed>0.920</speed><sat>25</sat></trkpt>
  <trkpt lat="59.66710580" lon="10.76688666"><ele>122.076</ele><time>2026-08-20T11:21:58Z</time><speed>0.820</speed><sat>25</sat></trkpt>
  <trkpt lat="59.66711138" lon="10.76689578"><ele>121.855</ele><time>2026-08-20T11:21:59Z</time><speed>0.890</speed><sat>25</sat></trkpt>
  <trkpt lat="59.66711428" lon="10.76690730"><ele>121.659</ele><time>2026-08-20T11:22:00Z</time><speed>0.640</speed><sat>25</sat></trkpt>
  <trkpt lat="59.66711562" lon="10.76692171"><ele>121.308</ele><time>2026-08-20T11:22:01Z</time><speed>0.860</speed><sat>25</sat></trkpt>
  <trkpt lat="59.66712001" lon="10.76693628"><ele>121.080</ele><time>2026-08-20T11:22:02Z</time><speed>1.060</speed><sat>25</sat></trkpt>
  <trkpt lat="59.66712500" lon="10.76694705"><ele>121.054</ele><time>2026-08-20T11:22:03Z</time><speed>0.880</speed><sat>25</sat></trkpt>
  <trkpt lat="59.66713144" lon="10.76695855"><ele>121.746</ele><time>2026-08-20T11:22:04Z</time><speed>0.960</speed><sat>25</sat></trkpt>
  <trkpt lat="59.66713923" lon="10.76697069"><ele>121.734</ele><time>2026-08-20T11:22:05Z</time><speed>0.900</speed><sat>26</sat></trkpt>
  <trkpt lat="59.66714326" lon="10.76697207"><ele>121.891</ele><time>2026-08-20T11:22:06Z</time><speed>0.230</speed><sat>25</sat></trkpt>
  <trkpt lat="59.66714493" lon="10.76697562"><ele>121.821</ele><time>2026-08-20T11:22:07Z</time><speed>0.510</speed><sat>25</sat></trkpt>
  <trkpt lat="59.66714684" lon="10.76698867"><ele>122.028</ele><time>2026-08-20T11:22:08Z</time><speed>0.900</speed><sat>26</sat></trkpt>
  <trkpt lat="59.66715290" lon="10.76700190"><ele>121.908</ele><time>2026-08-20T11:22:09Z</time><speed>1.000</speed><sat>27</sat></trkpt>
  <trkpt lat="59.66716137" lon="10.76701414"><ele>122.204</ele><time>2026-08-20T11:22:10Z</time><speed>1.040</speed><sat>27</sat></trkpt>
  <trkpt lat="59.66716902" lon="10.76702873"><ele>122.923</ele><time>2026-08-20T11:22:11Z</time><speed>1.020</speed><sat>27</sat></trkpt>
  <trkpt lat="59.66717623" lon="10.76704325"><ele>123.006</ele><time>2026-08-20T11:22:12Z</time><speed>0.990</speed><sat>27</sat></trkpt>
  <trkpt lat="59.66718406" lon="10.76705669"><ele>123.286</ele><time>2026-08-20T11:22:13Z</time><speed>1.000</speed><sat>27</sat></trkpt>
  <trkpt lat="59.66718748" lon="10.76705829"><ele>124.007</ele><time>2026-08-20T11:22:14Z</time><speed>0.000</speed><sat>27</sat></trkpt>
  <trkpt lat="59.66719004" lon="10.76705899"><ele>123.902</ele><time>2026-08-20T11:22:15Z</time><speed>0.000</speed><sat>26</sat></trkpt>
  <trkpt lat="59.66719117" lon="10.76705925"><ele>123.956</ele><time>2026-08-20T11:22:16Z</time><speed>0.000</speed><sat>26</sat></trkpt>
  <trkpt lat="59.66719144" lon="10.76705932"><ele>123.955</ele><time>2026-08-20T11:22:17Z</time><speed>0.000</speed><sat>26</sat></trkpt>
  <trkpt lat="59.66719149" lon="10.76705936"><ele>123.954</ele><time>2026-08-20T11:22:18Z</time><speed>0.000</speed><sat>26</sat></trkpt>
  <trkpt lat="59.66719150" lon="10.76705937"><ele>123.955</ele><time>2026-08-20T11:22:19Z</time><speed>0.000</speed><sat>26</sat></trkpt>
  <trkpt lat="59.66719150" lon="10.76705938"><ele>123.956</ele><time>2026-08-20T11:22:20Z</time><speed>0.000</speed><sat>26</sat></trkpt>
  <trkpt lat="59.66719150" lon="10.76705940"><ele>123.957</ele><time>2026-08-20T11:22:21Z</time><speed>0.000</speed><sat>25</sat></trkpt>
  <trkpt lat="59.66719295" lon="10.76705829"><ele>124.033</ele><time>2026-08-20T11:22:22Z</time><speed>0.000</speed><sat>25</sat></trkpt>
  <trkpt lat="59.66719303" lon="10.76705838"><ele>124.005</ele><time>2026-08-20T11:22:23Z</time><speed>0.000</speed><sat>25</sat></trkpt>
  <trkpt lat="59.66719307" lon="10.76705841"><ele>124.010</ele><time>2026-08-20T11:22:24Z</time><speed>0.000</speed><sat>26</sat></trkpt>
  <trkpt lat="59.66719308" lon="10.76705846"><ele>124.010</ele><time>2026-08-20T11:22:25Z</time><speed>0.000</speed><sat>26</sat></trkpt>
  <trkpt lat="59.66719311" lon="10.76705854"><ele>124.008</ele><time>2026-08-20T11:22:26Z</time><speed>0.000</speed><sat>26</sat></trkpt>
  <trkpt lat="59.66719311" lon="10.76705861"><ele>124.005</ele><time>2026-08-20T11:22:27Z</time><speed>0.000</speed><sat>26</sat></trkpt>
  <trkpt lat="59.66719312" lon="10.76705868"><ele>124.005</ele><time>2026-08-20T11:22:28Z</time><speed>0.000</speed><sat>26</sat></trkpt>
  <trkpt lat="59.66719313" lon="10.76705874"><ele>124.008</ele><time>2026-08-20T11:22:29Z</time><speed>0.000</speed><sat>26</sat></trkpt>
  <trkpt lat="59.66719315" lon="10.76705880"><ele>124.011</ele><time>2026-08-20T11:22:30Z</time><speed>0.000</speed><sat>26</sat></trkpt>
  <trkpt lat="59.66719315" lon="10.76705885"><ele>124.012</ele><time>2026-08-20T11:22:31Z</time><speed>0.000</speed><sat>26</sat></trkpt>
  <trkpt lat="59.66719313" lon="10.76705892"><ele>124.013</ele><time>2026-08-20T11:22:32Z</time><speed>0.000</speed><sat>26</sat></trkpt>
  <trkpt lat="59.66719314" lon="10.76705899"><ele>124.018</ele><time>2026-08-20T11:22:33Z</time><speed>0.000</speed><sat>26</sat></trkpt>
  <trkpt lat="59.66719312" lon="10.76705904"><ele>124.019</ele><time>2026-08-20T11:22:34Z</time><speed>0.000</speed><sat>26</sat></trkpt>
  <trkpt lat="59.66719351" lon="10.76706657"><ele>123.931</ele><time>2026-08-20T11:22:35Z</time><speed>0.440</speed><sat>26</sat></trkpt>
  <trkpt lat="59.66719666" lon="10.76708064"><ele>124.331</ele><time>2026-08-20T11:22:36Z</time><speed>0.810</speed><sat>26</sat></trkpt>
  <trkpt lat="59.66720267" lon="10.76709529"><ele>124.942</ele><time>2026-08-20T11:22:37Z</time><speed>0.860</speed><sat>26</sat></trkpt>
  <trkpt lat="59.66720787" lon="10.76711177"><ele>124.526</ele><time>2026-08-20T11:22:38Z</time><speed>1.060</speed><sat>26</sat></trkpt>
  <trkpt lat="59.66721117" lon="10.76712735"><ele>125.233</ele><time>2026-08-20T11:22:39Z</time><speed>0.890</speed><sat>26</sat></trkpt>
  <trkpt lat="59.66721499" lon="10.76714466"><ele>125.365</ele><time>2026-08-20T11:22:40Z</time><speed>0.980</speed><sat>26</sat></trkpt>
  <trkpt lat="59.66722033" lon="10.76716160"><ele>125.157</ele><time>2026-08-20T11:22:41Z</time><speed>1.040</speed><sat>26</sat></trkpt>
  <trkpt lat="59.66722597" lon="10.76717768"><ele>124.676</ele><time>2026-08-20T11:22:42Z</time><speed>1.050</speed><sat>26</sat></trkpt>
  <trkpt lat="59.66723216" lon="10.76719320"><ele>124.508</ele><time>2026-08-20T11:22:43Z</time><speed>1.070</speed><sat>27</sat></trkpt>
  <trkpt lat="59.66724049" lon="10.76720973"><ele>124.521</ele><time>2026-08-20T11:22:44Z</time><speed>1.220</speed><sat>27</sat></trkpt>
  <trkpt lat="59.66724800" lon="10.76722511"><ele>124.406</ele><time>2026-08-20T11:22:45Z</time><speed>1.170</speed><sat>27</sat></trkpt>
  <trkpt lat="59.66725616" lon="10.76724427"><ele>124.145</ele><time>2026-08-20T11:22:46Z</time><speed>1.270</speed><sat>27</sat></trkpt>
  <trkpt lat="59.66726499" lon="10.76726172"><ele>124.332</ele><time>2026-08-20T11:22:47Z</time><speed>1.270</speed><sat>27</sat></trkpt>
  <trkpt lat="59.66727427" lon="10.76727841"><ele>124.637</ele><time>2026-08-20T11:22:48Z</time><speed>1.300</speed><sat>27</sat></trkpt>
  <trkpt lat="59.66728401" lon="10.76729691"><ele>124.775</ele><time>2026-08-20T11:22:49Z</time><speed>1.270</speed><sat>27</sat></trkpt>
  <trkpt lat="59.66729322" lon="10.76731368"><ele>124.382</ele><time>2026-08-20T11:22:50Z</time><speed>1.380</speed><sat>27</sat></trkpt>
  <trkpt lat="59.66730255" lon="10.76732903"><ele>124.472</ele><time>2026-08-20T11:22:51Z</time><speed>1.300</speed><sat>27</sat></trkpt>
  <trkpt lat="59.66731134" lon="10.76734379"><ele>124.600</ele><time>2026-08-20T11:22:52Z</time><speed>1.240</speed><sat>27</sat></trkpt>
  <trkpt lat="59.66731917" lon="10.76735978"><ele>124.883</ele><time>2026-08-20T11:22:53Z</time><speed>1.230</speed><sat>27</sat></trkpt>
  <trkpt lat="59.66732529" lon="10.76738030"><ele>124.631</ele><time>2026-08-20T11:22:54Z</time><speed>1.310</speed><sat>27</sat></trkpt>
  <trkpt lat="59.66733308" lon="10.76740204"><ele>124.187</ele><time>2026-08-20T11:22:55Z</time><speed>1.320</speed><sat>27</sat></trkpt>
  <trkpt lat="59.66734109" lon="10.76742111"><ele>124.265</ele><time>2026-08-20T11:22:56Z</time><speed>1.290</speed><sat>27</sat></trkpt>
  <trkpt lat="59.66734776" lon="10.76744072"><ele>123.656</ele><time>2026-08-20T11:22:57Z</time><speed>1.280</speed><sat>25</sat></trkpt>
  <trkpt lat="59.66735546" lon="10.76745846"><ele>123.751</ele><time>2026-08-20T11:22:58Z</time><speed>1.350</speed><sat>27</sat></trkpt>
  <trkpt lat="59.66736482" lon="10.76746800"><ele>123.597</ele><time>2026-08-20T11:22:59Z</time><speed>1.320</speed><sat>27</sat></trkpt>
  <trkpt lat="59.66737466" lon="10.76748544"><ele>123.237</ele><time>2026-08-20T11:23:00Z</time><speed>1.250</speed><sat>27</sat></trkpt>
  <trkpt lat="59.66738295" lon="10.76750662"><ele>122.820</ele><time>2026-08-20T11:23:01Z</time><speed>1.230</speed><sat>27</sat></trkpt>
  <trkpt lat="59.66739131" lon="10.76751848"><ele>122.722</ele><time>2026-08-20T11:23:02Z</time><speed>0.810</speed><sat>27</sat></trkpt>
  <trkpt lat="59.66740280" lon="10.76753152"><ele>123.215</ele><time>2026-08-20T11:23:03Z</time><speed>1.300</speed><sat>27</sat></trkpt>
  <trkpt lat="59.66741493" lon="10.76755193"><ele>123.367</ele><time>2026-08-20T11:23:04Z</time><speed>1.490</speed><sat>26</sat></trkpt>
  <trkpt lat="59.66742502" lon="10.76756667"><ele>123.264</ele><time>2026-08-20T11:23:05Z</time><speed>1.200</speed><sat>26</sat></trkpt>
  <trkpt lat="59.66743582" lon="10.76758100"><ele>123.421</ele><time>2026-08-20T11:23:06Z</time><speed>1.290</speed><sat>26</sat></trkpt>
  <trkpt lat="59.66744742" lon="10.76759553"><ele>123.738</ele><time>2026-08-20T11:23:07Z</time><speed>1.410</speed><sat>26</sat></trkpt>
  <trkpt lat="59.66745814" lon="10.76760833"><ele>123.301</ele><time>2026-08-20T11:23:08Z</time><speed>1.310</speed><sat>27</sat></trkpt>
  <trkpt lat="59.66746611" lon="10.76762452"><ele>122.812</ele><time>2026-08-20T11:23:09Z</time><speed>1.190</speed><sat>26</sat></trkpt>
  <trkpt lat="59.66747390" lon="10.76764270"><ele>122.746</ele><time>2026-08-20T11:23:10Z</time><speed>1.230</speed><sat>26</sat></trkpt>
  <trkpt lat="59.66748391" lon="10.76765889"><ele>122.592</ele><time>2026-08-20T11:23:11Z</time><speed>1.290</speed><sat>27</sat></trkpt>
  <trkpt lat="59.66749705" lon="10.76767795"><ele>122.772</ele><time>2026-08-20T11:23:12Z</time><speed>1.310</speed><sat>27</sat></trkpt>
  <trkpt lat="59.66750700" lon="10.76769269"><ele>122.238</ele><time>2026-08-20T11:23:13Z</time><speed>1.270</speed><sat>27</sat></trkpt>
  <trkpt lat="59.66751562" lon="10.76770676"><ele>122.453</ele><time>2026-08-20T11:23:14Z</time><speed>1.270</speed><sat>26</sat></trkpt>
  <trkpt lat="59.66752450" lon="10.76772036"><ele>122.449</ele><time>2026-08-20T11:23:15Z</time><speed>1.220</speed><sat>26</sat></trkpt>
  <trkpt lat="59.66753293" lon="10.76773546"><ele>122.770</ele><time>2026-08-20T11:23:16Z</time><speed>1.220</speed><sat>26</sat></trkpt>
  <trkpt lat="59.66754226" lon="10.76774833"><ele>123.054</ele><time>2026-08-20T11:23:17Z</time><speed>1.210</speed><sat>27</sat></trkpt>
  <trkpt lat="59.66755323" lon="10.76776118"><ele>124.013</ele><time>2026-08-20T11:23:18Z</time><speed>1.210</speed><sat>27</sat></trkpt>
  <trkpt lat="59.66756463" lon="10.76777330"><ele>124.812</ele><time>2026-08-20T11:23:19Z</time><speed>1.210</speed><sat>27</sat></trkpt>
  <trkpt lat="59.66757251" lon="10.76778109"><ele>125.554</ele><time>2026-08-20T11:23:20Z</time><speed>0.970</speed><sat>27</sat></trkpt>
  <trkpt lat="59.66758110" lon="10.76779211"><ele>124.924</ele><time>2026-08-20T11:23:21Z</time><speed>1.170</speed><sat>27</sat></trkpt>
  <trkpt lat="59.66758491" lon="10.76780462"><ele>124.413</ele><time>2026-08-20T11:23:22Z</time><speed>0.660</speed><sat>27</sat></trkpt>
  <trkpt lat="59.66758998" lon="10.76782295"><ele>123.906</ele><time>2026-08-20T11:23:23Z</time><speed>1.010</speed><sat>26</sat></trkpt>
  <trkpt lat="59.66759635" lon="10.76784189"><ele>123.644</ele><time>2026-08-20T11:23:24Z</time><speed>0.990</speed><sat>26</sat></trkpt>
  <trkpt lat="59.66760431" lon="10.76785799"><ele>124.476</ele><time>2026-08-20T11:23:25Z</time><speed>1.040</speed><sat>25</sat></trkpt>
  <trkpt lat="59.66761384" lon="10.76788021"><ele>124.185</ele><time>2026-08-20T11:23:26Z</time><speed>1.150</speed><sat>25</sat></trkpt>
  <trkpt lat="59.66762192" lon="10.76790022"><ele>124.328</ele><time>2026-08-20T11:23:27Z</time><speed>1.130</speed><sat>26</sat></trkpt>
  <trkpt lat="59.66763206" lon="10.76791968"><ele>124.224</ele><time>2026-08-20T11:23:28Z</time><speed>1.190</speed><sat>26</sat></trkpt>
  <trkpt lat="59.66764117" lon="10.76793765"><ele>123.981</ele><time>2026-08-20T11:23:29Z</time><speed>1.140</speed><sat>26</sat></trkpt>
  <trkpt lat="59.66765002" lon="10.76794965"><ele>123.481</ele><time>2026-08-20T11:23:30Z</time><speed>1.010</speed><sat>26</sat></trkpt>
  <trkpt lat="59.66766108" lon="10.76796439"><ele>125.037</ele><time>2026-08-20T11:23:31Z</time><speed>1.350</speed><sat>26</sat></trkpt>
  <trkpt lat="59.66767169" lon="10.76797719"><ele>124.626</ele><time>2026-08-20T11:23:32Z</time><speed>1.040</speed><sat>26</sat></trkpt>
  <trkpt lat="59.66768027" lon="10.76799571"><ele>124.618</ele><time>2026-08-20T11:23:33Z</time><speed>1.270</speed><sat>26</sat></trkpt>
  <trkpt lat="59.66768989" lon="10.76801463"><ele>125.139</ele><time>2026-08-20T11:23:34Z</time><speed>1.210</speed><sat>26</sat></trkpt>
  <trkpt lat="59.66769564" lon="10.76802728"><ele>124.417</ele><time>2026-08-20T11:23:35Z</time><speed>0.710</speed><sat>26</sat></trkpt>
  <trkpt lat="59.66770042" lon="10.76804297"><ele>125.440</ele><time>2026-08-20T11:23:36Z</time><speed>1.030</speed><sat>26</sat></trkpt>
  <trkpt lat="59.66770685" lon="10.76805814"><ele>126.128</ele><time>2026-08-20T11:23:37Z</time><speed>1.020</speed><sat>26</sat></trkpt>
  <trkpt lat="59.66771265" lon="10.76806896"><ele>126.433</ele><time>2026-08-20T11:23:38Z</time><speed>0.830</speed><sat>25</sat></trkpt>
  <trkpt lat="59.66771944" lon="10.76808207"><ele>126.544</ele><time>2026-08-20T11:23:39Z</time><speed>1.140</speed><sat>25</sat></trkpt>
  <trkpt lat="59.66772330" lon="10.76809255"><ele>125.821</ele><time>2026-08-20T11:23:40Z</time><speed>0.770</speed><sat>25</sat></trkpt>
  <trkpt lat="59.66772655" lon="10.76810267"><ele>125.206</ele><time>2026-08-20T11:23:41Z</time><speed>0.760</speed><sat>25</sat></trkpt>
  <trkpt lat="59.66773337" lon="10.76812063"><ele>126.048</ele><time>2026-08-20T11:23:42Z</time><speed>1.070</speed><sat>25</sat></trkpt>
  <trkpt lat="59.66774069" lon="10.76813153"><ele>126.175</ele><time>2026-08-20T11:23:43Z</time><speed>0.720</speed><sat>25</sat></trkpt>
  <trkpt lat="59.66775133" lon="10.76814496"><ele>126.407</ele><time>2026-08-20T11:23:44Z</time><speed>1.220</speed><sat>25</sat></trkpt>
  <trkpt lat="59.66776142" lon="10.76816147"><ele>127.036</ele><time>2026-08-20T11:23:45Z</time><speed>1.210</speed><sat>25</sat></trkpt>
  <trkpt lat="59.66777081" lon="10.76818087"><ele>127.757</ele><time>2026-08-20T11:23:46Z</time><speed>1.310</speed><sat>25</sat></trkpt>
  <trkpt lat="59.66778033" lon="10.76819979"><ele>127.758</ele><time>2026-08-20T11:23:47Z</time><speed>1.220</speed><sat>25</sat></trkpt>
  <trkpt lat="59.66779261" lon="10.76821174"><ele>128.731</ele><time>2026-08-20T11:23:48Z</time><speed>1.230</speed><sat>26</sat></trkpt>
  <trkpt lat="59.66780349" lon="10.76822384"><ele>128.498</ele><time>2026-08-20T11:23:49Z</time><speed>1.090</speed><sat>26</sat></trkpt>
  <trkpt lat="59.66781303" lon="10.76823784"><ele>129.132</ele><time>2026-08-20T11:23:50Z</time><speed>1.090</speed><sat>26</sat></trkpt>
  <trkpt lat="59.66782286" lon="10.76825426"><ele>129.692</ele><time>2026-08-20T11:23:51Z</time><speed>1.170</speed><sat>26</sat></trkpt>
  <trkpt lat="59.66782955" lon="10.76826736"><ele>129.266</ele><time>2026-08-20T11:23:52Z</time><speed>1.030</speed><sat>26</sat></trkpt>
  <trkpt lat="59.66783519" lon="10.76827266"><ele>128.893</ele><time>2026-08-20T11:23:53Z</time><speed>0.680</speed><sat>26</sat></trkpt>
  <trkpt lat="59.66783691" lon="10.76828000"><ele>129.084</ele><time>2026-08-20T11:23:54Z</time><speed>0.000</speed><sat>26</sat></trkpt>
  <trkpt lat="59.66784489" lon="10.76828945"><ele>129.291</ele><time>2026-08-20T11:23:55Z</time><speed>0.730</speed><sat>26</sat></trkpt>
  <trkpt lat="59.66785179" lon="10.76829951"><ele>129.430</ele><time>2026-08-20T11:23:56Z</time><speed>0.740</speed><sat>26</sat></trkpt>
  <trkpt lat="59.66785911" lon="10.76831531"><ele>129.084</ele><time>2026-08-20T11:23:57Z</time><speed>0.970</speed><sat>26</sat></trkpt>
  <trkpt lat="59.66786613" lon="10.76832872"><ele>129.190</ele><time>2026-08-20T11:23:58Z</time><speed>0.890</speed><sat>26</sat></trkpt>
  <trkpt lat="59.66787285" lon="10.76834415"><ele>129.184</ele><time>2026-08-20T11:23:59Z</time><speed>0.920</speed><sat>26</sat></trkpt>
  <trkpt lat="59.66787867" lon="10.76836170"><ele>128.538</ele><time>2026-08-20T11:24:00Z</time><speed>0.990</speed><sat>26</sat></trkpt>
  <trkpt lat="59.66788157" lon="10.76837618"><ele>128.368</ele><time>2026-08-20T11:24:01Z</time><speed>0.710</speed><sat>26</sat></trkpt>
  <trkpt lat="59.66788559" lon="10.76839351"><ele>127.654</ele><time>2026-08-20T11:24:02Z</time><speed>0.960</speed><sat>26</sat></trkpt>
  <trkpt lat="59.66789063" lon="10.76840948"><ele>127.172</ele><time>2026-08-20T11:24:03Z</time><speed>0.930</speed><sat>25</sat></trkpt>
  <trkpt lat="59.66789858" lon="10.76842566"><ele>127.732</ele><time>2026-08-20T11:24:04Z</time><speed>1.050</speed><sat>25</sat></trkpt>
  <trkpt lat="59.66790806" lon="10.76844094"><ele>128.102</ele><time>2026-08-20T11:24:05Z</time><speed>1.070</speed><sat>25</sat></trkpt>
  <trkpt lat="59.66791826" lon="10.76845440"><ele>127.920</ele><time>2026-08-20T11:24:06Z</time><speed>1.070</speed><sat>26</sat></trkpt>
  <trkpt lat="59.66792745" lon="10.76846471"><ele>127.854</ele><time>2026-08-20T11:24:07Z</time><speed>1.000</speed><sat>26</sat></trkpt>
  <trkpt lat="59.66793770" lon="10.76847679"><ele>128.837</ele><time>2026-08-20T11:24:08Z</time><speed>1.080</speed><sat>26</sat></trkpt>
  <trkpt lat="59.66794749" lon="10.76849068"><ele>128.960</ele><time>2026-08-20T11:24:09Z</time><speed>1.080</speed><sat>26</sat></trkpt>
  <trkpt lat="59.66795565" lon="10.76850609"><ele>130.147</ele><time>2026-08-20T11:24:10Z</time><speed>1.010</speed><sat>26</sat></trkpt>
  <trkpt lat="59.66796368" lon="10.76852387"><ele>130.865</ele><time>2026-08-20T11:24:11Z</time><speed>1.080</speed><sat>26</sat></trkpt>
  <trkpt lat="59.66797140" lon="10.76853878"><ele>131.009</ele><time>2026-08-20T11:24:12Z</time><speed>1.030</speed><sat>26</sat></trkpt>
  <trkpt lat="59.66798128" lon="10.76855102"><ele>130.965</ele><time>2026-08-20T11:24:13Z</time><speed>1.130</speed><sat>26</sat></trkpt>
  <trkpt lat="59.66799104" lon="10.76856312"><ele>130.715</ele><time>2026-08-20T11:24:14Z</time><speed>1.140</speed><sat>26</sat></trkpt>
  <trkpt lat="59.66800160" lon="10.76857489"><ele>131.068</ele><time>2026-08-20T11:24:15Z</time><speed>1.160</speed><sat>26</sat></trkpt>
  <trkpt lat="59.66801114" lon="10.76858742"><ele>131.231</ele><time>2026-08-20T11:24:16Z</time><speed>1.170</speed><sat>26</sat></trkpt>
  <trkpt lat="59.66801600" lon="10.76859656"><ele>129.665</ele><time>2026-08-20T11:24:17Z</time><speed>0.920</speed><sat>26</sat></trkpt>
  <trkpt lat="59.66802313" lon="10.76860647"><ele>129.831</ele><time>2026-08-20T11:24:18Z</time><speed>1.040</speed><sat>26</sat></trkpt>
  <trkpt lat="59.66803257" lon="10.76861745"><ele>130.193</ele><time>2026-08-20T11:24:19Z</time><speed>1.010</speed><sat>26</sat></trkpt>
  <trkpt lat="59.66803959" lon="10.76863233"><ele>130.147</ele><time>2026-08-20T11:24:20Z</time><speed>1.040</speed><sat>26</sat></trkpt>
  <trkpt lat="59.66804505" lon="10.76864856"><ele>130.422</ele><time>2026-08-20T11:24:21Z</time><speed>0.950</speed><sat>26</sat></trkpt>
  <trkpt lat="59.66805056" lon="10.76866923"><ele>130.667</ele><time>2026-08-20T11:24:22Z</time><speed>1.050</speed><sat>26</sat></trkpt>
  <trkpt lat="59.66805578" lon="10.76868507"><ele>131.297</ele><time>2026-08-20T11:24:23Z</time><speed>0.820</speed><sat>26</sat></trkpt>
  <trkpt lat="59.66805947" lon="10.76869366"><ele>131.349</ele><time>2026-08-20T11:24:24Z</time><speed>0.430</speed><sat>26</sat></trkpt>
  <trkpt lat="59.66806167" lon="10.76869937"><ele>131.605</ele><time>2026-08-20T11:24:25Z</time><speed>0.180</speed><sat>26</sat></trkpt>
  <trkpt lat="59.66806292" lon="10.76870287"><ele>131.329</ele><time>2026-08-20T11:24:26Z</time><speed>0.000</speed><sat>26</sat></trkpt>
  <trkpt lat="59.66806498" lon="10.76870607"><ele>131.363</ele><time>2026-08-20T11:24:27Z</time><speed>0.000</speed><sat>26</sat></trkpt>
  <trkpt lat="59.66806818" lon="10.76871000"><ele>131.092</ele><time>2026-08-20T11:24:28Z</time><speed>0.000</speed><sat>26</sat></trkpt>
  <trkpt lat="59.66806755" lon="10.76871304"><ele>130.977</ele><time>2026-08-20T11:24:29Z</time><speed>0.000</speed><sat>26</sat></trkpt>
  <trkpt lat="59.66806914" lon="10.76871603"><ele>131.386</ele><time>2026-08-20T11:24:30Z</time><speed>0.230</speed><sat>26</sat></trkpt>
  <trkpt lat="59.66807143" lon="10.76871710"><ele>131.871</ele><time>2026-08-20T11:24:31Z</time><speed>0.000</speed><sat>26</sat></trkpt>
  <trkpt lat="59.66807192" lon="10.76871443"><ele>131.756</ele><time>2026-08-20T11:24:32Z</time><speed>0.000</speed><sat>26</sat></trkpt>
  <trkpt lat="59.66807154" lon="10.76871189"><ele>131.390</ele><time>2026-08-20T11:24:33Z</time><speed>0.000</speed><sat>26</sat></trkpt>
  <trkpt lat="59.66806967" lon="10.76870641"><ele>131.344</ele><time>2026-08-20T11:24:34Z</time><speed>0.000</speed><sat>26</sat></trkpt>
  <trkpt lat="59.66806937" lon="10.76870483"><ele>131.360</ele><time>2026-08-20T11:24:35Z</time><speed>0.000</speed><sat>26</sat></trkpt>
  <trkpt lat="59.66806931" lon="10.76870444"><ele>131.364</ele><time>2026-08-20T11:24:36Z</time><speed>0.000</speed><sat>26</sat></trkpt>
  <trkpt lat="59.66806930" lon="10.76870438"><ele>131.361</ele><time>2026-08-20T11:24:37Z</time><speed>0.000</speed><sat>26</sat></trkpt>
  <trkpt lat="59.66806928" lon="10.76870438"><ele>131.356</ele><time>2026-08-20T11:24:38Z</time><speed>0.000</speed><sat>26</sat></trkpt>
  <trkpt lat="59.66806929" lon="10.76870438"><ele>131.357</ele><time>2026-08-20T11:24:39Z</time><speed>0.000</speed><sat>26</sat></trkpt>
  <trkpt lat="59.66806926" lon="10.76870444"><ele>131.355</ele><time>2026-08-20T11:24:40Z</time><speed>0.000</speed><sat>24</sat></trkpt>
  <trkpt lat="59.66806923" lon="10.76870447"><ele>131.347</ele><time>2026-08-20T11:24:41Z</time><speed>0.000</speed><sat>25</sat></trkpt>
  <trkpt lat="59.66806921" lon="10.76870444"><ele>131.348</ele><time>2026-08-20T11:24:42Z</time><speed>0.000</speed><sat>25</sat></trkpt>
  <trkpt lat="59.66806920" lon="10.76870439"><ele>131.342</ele><time>2026-08-20T11:24:43Z</time><speed>0.000</speed><sat>25</sat></trkpt>
  <trkpt lat="59.66806919" lon="10.76870432"><ele>131.340</ele><time>2026-08-20T11:24:44Z</time><speed>0.000</speed><sat>23</sat></trkpt>
  <trkpt lat="59.66806948" lon="10.76870478"><ele>131.366</ele><time>2026-08-20T11:24:45Z</time><speed>0.000</speed><sat>24</sat></trkpt>
  <trkpt lat="59.66807344" lon="10.76870736"><ele>133.384</ele><time>2026-08-20T11:24:46Z</time><speed>0.240</speed><sat>24</sat></trkpt>
  <trkpt lat="59.66807539" lon="10.76870779"><ele>133.718</ele><time>2026-08-20T11:24:47Z</time><speed>0.000</speed><sat>26</sat></trkpt>
  <trkpt lat="59.66807508" lon="10.76871036"><ele>133.472</ele><time>2026-08-20T11:24:48Z</time><speed>0.160</speed><sat>26</sat></trkpt>
  <trkpt lat="59.66807157" lon="10.76871230"><ele>133.360</ele><time>2026-08-20T11:24:49Z</time><speed>0.000</speed><sat>26</sat></trkpt>
  <trkpt lat="59.66807128" lon="10.76871288"><ele>133.970</ele><time>2026-08-20T11:24:50Z</time><speed>0.000</speed><sat>26</sat></trkpt>
  <trkpt lat="59.66806958" lon="10.76871617"><ele>133.563</ele><time>2026-08-20T11:24:51Z</time><speed>0.000</speed><sat>26</sat></trkpt>
  <trkpt lat="59.66806711" lon="10.76871506"><ele>133.173</ele><time>2026-08-20T11:24:52Z</time><speed>0.000</speed><sat>26</sat></trkpt>
  <trkpt lat="59.66806496" lon="10.76871406"><ele>132.723</ele><time>2026-08-20T11:24:53Z</time><speed>0.000</speed><sat>26</sat></trkpt>
  <trkpt lat="59.66806443" lon="10.76871370"><ele>132.691</ele><time>2026-08-20T11:24:54Z</time><speed>0.000</speed><sat>26</sat></trkpt>
  <trkpt lat="59.66806429" lon="10.76871361"><ele>132.684</ele><time>2026-08-20T11:24:55Z</time><speed>0.000</speed><sat>25</sat></trkpt>
  <trkpt lat="59.66806424" lon="10.76871360"><ele>132.688</ele><time>2026-08-20T11:24:56Z</time><speed>0.000</speed><sat>25</sat></trkpt>
  <trkpt lat="59.66806422" lon="10.76871361"><ele>132.687</ele><time>2026-08-20T11:24:57Z</time><speed>0.000</speed><sat>25</sat></trkpt>
  <trkpt lat="59.66806422" lon="10.76871363"><ele>132.686</ele><time>2026-08-20T11:24:58Z</time><speed>0.000</speed><sat>25</sat></trkpt>
  <trkpt lat="59.66806418" lon="10.76871366"><ele>132.679</ele><time>2026-08-20T11:24:59Z</time><speed>0.000</speed><sat>25</sat></trkpt>
  <trkpt lat="59.66806344" lon="10.76871463"><ele>132.466</ele><time>2026-08-20T11:25:00Z</time><speed>0.000</speed><sat>25</sat></trkpt>
  <trkpt lat="59.66806327" lon="10.76871474"><ele>132.441</ele><time>2026-08-20T11:25:01Z</time><speed>0.000</speed><sat>25</sat></trkpt>
  <trkpt lat="59.66805962" lon="10.76871620"><ele>131.690</ele><time>2026-08-20T11:25:02Z</time><speed>0.000</speed><sat>25</sat></trkpt>
  <trkpt lat="59.66805859" lon="10.76871666"><ele>131.641</ele><time>2026-08-20T11:25:03Z</time><speed>0.000</speed><sat>25</sat></trkpt>
  <trkpt lat="59.66805834" lon="10.76871678"><ele>131.640</ele><time>2026-08-20T11:25:04Z</time><speed>0.000</speed><sat>25</sat></trkpt>
  <trkpt lat="59.66805828" lon="10.76871685"><ele>131.639</ele><time>2026-08-20T11:25:05Z</time><speed>0.000</speed><sat>25</sat></trkpt>
  <trkpt lat="59.66805829" lon="10.76871686"><ele>131.642</ele><time>2026-08-20T11:25:06Z</time><speed>0.000</speed><sat>25</sat></trkpt>
  <trkpt lat="59.66805718" lon="10.76871477"><ele>131.390</ele><time>2026-08-20T11:25:07Z</time><speed>0.000</speed><sat>25</sat></trkpt>
  <trkpt lat="59.66805661" lon="10.76871899"><ele>131.435</ele><time>2026-08-20T11:25:08Z</time><speed>0.000</speed><sat>25</sat></trkpt>
  <trkpt lat="59.66805778" lon="10.76872331"><ele>131.853</ele><time>2026-08-20T11:25:09Z</time><speed>0.000</speed><sat>25</sat></trkpt>
  <trkpt lat="59.66805808" lon="10.76872444"><ele>131.889</ele><time>2026-08-20T11:25:10Z</time><speed>0.000</speed><sat>25</sat></trkpt>
  <trkpt lat="59.66805905" lon="10.76872445"><ele>132.087</ele><time>2026-08-20T11:25:11Z</time><speed>0.000</speed><sat>25</sat></trkpt>
  <trkpt lat="59.66806023" lon="10.76872462"><ele>132.788</ele><time>2026-08-20T11:25:12Z</time><speed>0.000</speed><sat>25</sat></trkpt>
  <trkpt lat="59.66806044" lon="10.76872477"><ele>132.766</ele><time>2026-08-20T11:25:13Z</time><speed>0.000</speed><sat>25</sat></trkpt>
  <trkpt lat="59.66806052" lon="10.76872485"><ele>132.769</ele><time>2026-08-20T11:25:14Z</time><speed>0.000</speed><sat>25</sat></trkpt>
  <trkpt lat="59.66806058" lon="10.76872491"><ele>132.769</ele><time>2026-08-20T11:25:15Z</time><speed>0.000</speed><sat>25</sat></trkpt>
  <trkpt lat="59.66806062" lon="10.76872494"><ele>132.773</ele><time>2026-08-20T11:25:16Z</time><speed>0.000</speed><sat>25</sat></trkpt>
  <trkpt lat="59.66806066" lon="10.76872492"><ele>132.775</ele><time>2026-08-20T11:25:17Z</time><speed>0.000</speed><sat>24</sat></trkpt>
  <trkpt lat="59.66806071" lon="10.76872493"><ele>132.780</ele><time>2026-08-20T11:25:18Z</time><speed>0.000</speed><sat>24</sat></trkpt>
  <trkpt lat="59.66806073" lon="10.76872496"><ele>132.776</ele><time>2026-08-20T11:25:19Z</time><speed>0.000</speed><sat>23</sat></trkpt>
  <trkpt lat="59.66806074" lon="10.76872501"><ele>132.777</ele><time>2026-08-20T11:25:20Z</time><speed>0.000</speed><sat>24</sat></trkpt>
  <trkpt lat="59.66806076" lon="10.76872505"><ele>132.778</ele><time>2026-08-20T11:25:21Z</time><speed>0.000</speed><sat>25</sat></trkpt>
  <trkpt lat="59.66806077" lon="10.76872509"><ele>132.773</ele><time>2026-08-20T11:25:22Z</time><speed>0.000</speed><sat>25</sat></trkpt>
  <trkpt lat="59.66806081" lon="10.76872513"><ele>132.771</ele><time>2026-08-20T11:25:23Z</time><speed>0.000</speed><sat>25</sat></trkpt>
  <trkpt lat="59.66806084" lon="10.76872519"><ele>132.773</ele><time>2026-08-20T11:25:24Z</time><speed>0.000</speed><sat>25</sat></trkpt>
  <trkpt lat="59.66806088" lon="10.76872526"><ele>132.769</ele><time>2026-08-20T11:25:25Z</time><speed>0.000</speed><sat>25</sat></trkpt>
  <trkpt lat="59.66806091" lon="10.76872528"><ele>132.766</ele><time>2026-08-20T11:25:26Z</time><speed>0.000</speed><sat>25</sat></trkpt>
  <trkpt lat="59.66806094" lon="10.76872529"><ele>132.768</ele><time>2026-08-20T11:25:27Z</time><speed>0.000</speed><sat>25</sat></trkpt>
  <trkpt lat="59.66806097" lon="10.76872528"><ele>132.771</ele><time>2026-08-20T11:25:28Z</time><speed>0.000</speed><sat>25</sat></trkpt>
  <trkpt lat="59.66806010" lon="10.76872282"><ele>132.575</ele><time>2026-08-20T11:25:29Z</time><speed>0.000</speed><sat>25</sat></trkpt>
  <trkpt lat="59.66805994" lon="10.76872229"><ele>132.581</ele><time>2026-08-20T11:25:30Z</time><speed>0.000</speed><sat>25</sat></trkpt>
  <trkpt lat="59.66805988" lon="10.76872214"><ele>132.574</ele><time>2026-08-20T11:25:31Z</time><speed>0.000</speed><sat>26</sat></trkpt>
  <trkpt lat="59.66805985" lon="10.76872205"><ele>132.574</ele><time>2026-08-20T11:25:32Z</time><speed>0.000</speed><sat>26</sat></trkpt>
  <trkpt lat="59.66805984" lon="10.76872202"><ele>132.571</ele><time>2026-08-20T11:25:33Z</time><speed>0.000</speed><sat>26</sat></trkpt>
  <trkpt lat="59.66805985" lon="10.76872202"><ele>132.572</ele><time>2026-08-20T11:25:34Z</time><speed>0.000</speed><sat>26</sat></trkpt>
  <trkpt lat="59.66805987" lon="10.76872200"><ele>132.572</ele><time>2026-08-20T11:25:35Z</time><speed>0.000</speed><sat>26</sat></trkpt>
  <trkpt lat="59.66805988" lon="10.76872197"><ele>132.574</ele><time>2026-08-20T11:25:36Z</time><speed>0.000</speed><sat>26</sat></trkpt>
  <trkpt lat="59.66805990" lon="10.76872196"><ele>132.575</ele><time>2026-08-20T11:25:37Z</time><speed>0.000</speed><sat>25</sat></trkpt>
  <trkpt lat="59.66805991" lon="10.76872194"><ele>132.578</ele><time>2026-08-20T11:25:38Z</time><speed>0.000</speed><sat>25</sat></trkpt>
  <trkpt lat="59.66805991" lon="10.76872193"><ele>132.580</ele><time>2026-08-20T11:25:39Z</time><speed>0.000</speed><sat>25</sat></trkpt>
  <trkpt lat="59.66805990" lon="10.76872192"><ele>132.583</ele><time>2026-08-20T11:25:40Z</time><speed>0.000</speed><sat>25</sat></trkpt>
  <trkpt lat="59.66805990" lon="10.76872192"><ele>132.585</ele><time>2026-08-20T11:25:41Z</time><speed>0.000</speed><sat>25</sat></trkpt>
  <trkpt lat="59.66805989" lon="10.76872189"><ele>132.584</ele><time>2026-08-20T11:25:42Z</time><speed>0.000</speed><sat>25</sat></trkpt>
  <trkpt lat="59.66805987" lon="10.76872191"><ele>132.583</ele><time>2026-08-20T11:25:43Z</time><speed>0.000</speed><sat>25</sat></trkpt>
  <trkpt lat="59.66805987" lon="10.76872191"><ele>132.584</ele><time>2026-08-20T11:25:44Z</time><speed>0.000</speed><sat>25</sat></trkpt>
  <trkpt lat="59.66805988" lon="10.76872193"><ele>132.589</ele><time>2026-08-20T11:25:45Z</time><speed>0.000</speed><sat>25</sat></trkpt>
  <trkpt lat="59.66805987" lon="10.76872193"><ele>132.584</ele><time>2026-08-20T11:25:46Z</time><speed>0.000</speed><sat>25</sat></trkpt>
  <trkpt lat="59.66805988" lon="10.76872193"><ele>132.588</ele><time>2026-08-20T11:25:47Z</time><speed>0.000</speed><sat>25</sat></trkpt>
  <trkpt lat="59.66805988" lon="10.76872193"><ele>132.591</ele><time>2026-08-20T11:25:48Z</time><speed>0.000</speed><sat>25</sat></trkpt>
  <trkpt lat="59.66805989" lon="10.76872189"><ele>132.593</ele><time>2026-08-20T11:25:49Z</time><speed>0.000</speed><sat>23</sat></trkpt>
  <trkpt lat="59.66805990" lon="10.76872187"><ele>132.595</ele><time>2026-08-20T11:25:50Z</time><speed>0.000</speed><sat>23</sat></trkpt>
  <trkpt lat="59.66805991" lon="10.76871654"><ele>132.789</ele><time>2026-08-20T11:25:51Z</time><speed>0.000</speed><sat>24</sat></trkpt>
  <trkpt lat="59.66806106" lon="10.76871276"><ele>133.126</ele><time>2026-08-20T11:25:52Z</time><speed>0.000</speed><sat>24</sat></trkpt>
  <trkpt lat="59.66806146" lon="10.76871175"><ele>133.304</ele><time>2026-08-20T11:25:53Z</time><speed>0.000</speed><sat>25</sat></trkpt>
  <trkpt lat="59.66806157" lon="10.76871149"><ele>133.302</ele><time>2026-08-20T11:25:54Z</time><speed>0.000</speed><sat>24</sat></trkpt>
  <trkpt lat="59.66806158" lon="10.76871149"><ele>133.303</ele><time>2026-08-20T11:25:55Z</time><speed>0.000</speed><sat>23</sat></trkpt>
  <trkpt lat="59.66806160" lon="10.76871150"><ele>133.304</ele><time>2026-08-20T11:25:56Z</time><speed>0.000</speed><sat>23</sat></trkpt>
  <trkpt lat="59.66806160" lon="10.76871150"><ele>133.307</ele><time>2026-08-20T11:25:57Z</time><speed>0.000</speed><sat>23</sat></trkpt>
  <trkpt lat="59.66806159" lon="10.76871148"><ele>133.305</ele><time>2026-08-20T11:25:58Z</time><speed>0.000</speed><sat>23</sat></trkpt>
  <trkpt lat="59.66806159" lon="10.76871143"><ele>133.302</ele><time>2026-08-20T11:25:59Z</time><speed>0.000</speed><sat>25</sat></trkpt>
  <trkpt lat="59.66806158" lon="10.76871138"><ele>133.303</ele><time>2026-08-20T11:26:00Z</time><speed>0.000</speed><sat>24</sat></trkpt>
  <trkpt lat="59.66806158" lon="10.76871137"><ele>133.301</ele><time>2026-08-20T11:26:01Z</time><speed>0.000</speed><sat>24</sat></trkpt>
  <trkpt lat="59.66806158" lon="10.76871132"><ele>133.299</ele><time>2026-08-20T11:26:02Z</time><speed>0.000</speed><sat>22</sat></trkpt>
  <trkpt lat="59.66806151" lon="10.76871125"><ele>133.291</ele><time>2026-08-20T11:26:03Z</time><speed>0.000</speed><sat>22</sat></trkpt>
  <trkpt lat="59.66806148" lon="10.76871111"><ele>133.281</ele><time>2026-08-20T11:26:04Z</time><speed>0.000</speed><sat>24</sat></trkpt>
  <trkpt lat="59.66806151" lon="10.76871108"><ele>133.277</ele><time>2026-08-20T11:26:05Z</time><speed>0.000</speed><sat>25</sat></trkpt>
  <trkpt lat="59.66806151" lon="10.76871108"><ele>133.270</ele><time>2026-08-20T11:26:06Z</time><speed>0.000</speed><sat>26</sat></trkpt>
  <trkpt lat="59.66806151" lon="10.76871111"><ele>133.261</ele><time>2026-08-20T11:26:07Z</time><speed>0.000</speed><sat>26</sat></trkpt>
  <trkpt lat="59.66806372" lon="10.76871409"><ele>133.601</ele><time>2026-08-20T11:26:08Z</time><speed>0.230</speed><sat>26</sat></trkpt>
  <trkpt lat="59.66806480" lon="10.76872106"><ele>133.109</ele><time>2026-08-20T11:26:09Z</time><speed>0.230</speed><sat>26</sat></trkpt>
  <trkpt lat="59.66806475" lon="10.76871910"><ele>133.319</ele><time>2026-08-20T11:26:10Z</time><speed>0.000</speed><sat>26</sat></trkpt>
  <trkpt lat="59.66806505" lon="10.76871881"><ele>133.410</ele><time>2026-08-20T11:26:11Z</time><speed>0.000</speed><sat>26</sat></trkpt>
  <trkpt lat="59.66806514" lon="10.76871874"><ele>133.412</ele><time>2026-08-20T11:26:12Z</time><speed>0.000</speed><sat>26</sat></trkpt>
  <trkpt lat="59.66806515" lon="10.76871874"><ele>133.409</ele><time>2026-08-20T11:26:13Z</time><speed>0.000</speed><sat>25</sat></trkpt>
  <trkpt lat="59.66806518" lon="10.76871881"><ele>133.405</ele><time>2026-08-20T11:26:14Z</time><speed>0.000</speed><sat>25</sat></trkpt>
  <trkpt lat="59.66806520" lon="10.76871884"><ele>133.393</ele><time>2026-08-20T11:26:15Z</time><speed>0.000</speed><sat>25</sat></trkpt>
  <trkpt lat="59.66806680" lon="10.76872207"><ele>133.532</ele><time>2026-08-20T11:26:16Z</time><speed>0.000</speed><sat>25</sat></trkpt>
  <trkpt lat="59.66806724" lon="10.76872281"><ele>133.534</ele><time>2026-08-20T11:26:17Z</time><speed>0.000</speed><sat>25</sat></trkpt>
  <trkpt lat="59.66806740" lon="10.76872308"><ele>133.534</ele><time>2026-08-20T11:26:18Z</time><speed>0.000</speed><sat>26</sat></trkpt>
  <trkpt lat="59.66807034" lon="10.76871973"><ele>133.623</ele><time>2026-08-20T11:26:19Z</time><speed>0.000</speed><sat>26</sat></trkpt>
  <trkpt lat="59.66807103" lon="10.76871961"><ele>133.802</ele><time>2026-08-20T11:26:20Z</time><speed>0.000</speed><sat>26</sat></trkpt>
  <trkpt lat="59.66807393" lon="10.76871286"><ele>133.802</ele><time>2026-08-20T11:26:21Z</time><speed>0.000</speed><sat>25</sat></trkpt>
  <trkpt lat="59.66807462" lon="10.76871114"><ele>133.796</ele><time>2026-08-20T11:26:22Z</time><speed>0.000</speed><sat>24</sat></trkpt>
  <trkpt lat="59.66807479" lon="10.76871069"><ele>133.797</ele><time>2026-08-20T11:26:23Z</time><speed>0.000</speed><sat>26</sat></trkpt>
  <trkpt lat="59.66807481" lon="10.76871061"><ele>133.792</ele><time>2026-08-20T11:26:24Z</time><speed>0.000</speed><sat>26</sat></trkpt>
  <trkpt lat="59.66807480" lon="10.76871061"><ele>133.792</ele><time>2026-08-20T11:26:25Z</time><speed>0.000</speed><sat>26</sat></trkpt>
  <trkpt lat="59.66807479" lon="10.76871056"><ele>133.788</ele><time>2026-08-20T11:26:26Z</time><speed>0.000</speed><sat>25</sat></trkpt>
  <trkpt lat="59.66807479" lon="10.76871059"><ele>133.786</ele><time>2026-08-20T11:26:27Z</time><speed>0.000</speed><sat>26</sat></trkpt>
  <trkpt lat="59.66807598" lon="10.76871341"><ele>133.823</ele><time>2026-08-20T11:26:28Z</time><speed>0.200</speed><sat>26</sat></trkpt>
  <trkpt lat="59.66807828" lon="10.76870728"><ele>133.301</ele><time>2026-08-20T11:26:29Z</time><speed>0.000</speed><sat>25</sat></trkpt>
  <trkpt lat="59.66807857" lon="10.76870547"><ele>133.277</ele><time>2026-08-20T11:26:30Z</time><speed>0.000</speed><sat>26</sat></trkpt>
  <trkpt lat="59.66807937" lon="10.76870319"><ele>133.542</ele><time>2026-08-20T11:26:31Z</time><speed>0.200</speed><sat>26</sat></trkpt>
  <trkpt lat="59.66807906" lon="10.76869665"><ele>133.632</ele><time>2026-08-20T11:26:32Z</time><speed>0.340</speed><sat>26</sat></trkpt>
  <trkpt lat="59.66807956" lon="10.76869467"><ele>133.629</ele><time>2026-08-20T11:26:33Z</time><speed>0.000</speed><sat>26</sat></trkpt>
  <trkpt lat="59.66808001" lon="10.76868877"><ele>133.529</ele><time>2026-08-20T11:26:34Z</time><speed>0.000</speed><sat>26</sat></trkpt>
  <trkpt lat="59.66807972" lon="10.76868613"><ele>133.593</ele><time>2026-08-20T11:26:35Z</time><speed>0.000</speed><sat>26</sat></trkpt>
  <trkpt lat="59.66807963" lon="10.76868541"><ele>133.589</ele><time>2026-08-20T11:26:36Z</time><speed>0.000</speed><sat>26</sat></trkpt>
  <trkpt lat="59.66807959" lon="10.76868518"><ele>133.587</ele><time>2026-08-20T11:26:37Z</time><speed>0.000</speed><sat>26</sat></trkpt>
  <trkpt lat="59.66807959" lon="10.76868509"><ele>133.585</ele><time>2026-08-20T11:26:38Z</time><speed>0.000</speed><sat>26</sat></trkpt>
  <trkpt lat="59.66807956" lon="10.76868511"><ele>133.582</ele><time>2026-08-20T11:26:39Z</time><speed>0.000</speed><sat>24</sat></trkpt>
  <trkpt lat="59.66807954" lon="10.76868513"><ele>133.577</ele><time>2026-08-20T11:26:40Z</time><speed>0.000</speed><sat>22</sat></trkpt>
  <trkpt lat="59.66807952" lon="10.76868511"><ele>133.573</ele><time>2026-08-20T11:26:41Z</time><speed>0.000</speed><sat>23</sat></trkpt>
  <trkpt lat="59.66807949" lon="10.76868512"><ele>133.568</ele><time>2026-08-20T11:26:42Z</time><speed>0.000</speed><sat>22</sat></trkpt>
  <trkpt lat="59.66807948" lon="10.76868516"><ele>133.565</ele><time>2026-08-20T11:26:43Z</time><speed>0.000</speed><sat>22</sat></trkpt>
  <trkpt lat="59.66807945" lon="10.76868518"><ele>133.561</ele><time>2026-08-20T11:26:44Z</time><speed>0.000</speed><sat>23</sat></trkpt>
  <trkpt lat="59.66807943" lon="10.76868519"><ele>133.560</ele><time>2026-08-20T11:26:45Z</time><speed>0.000</speed><sat>23</sat></trkpt>
  <trkpt lat="59.66807942" lon="10.76868518"><ele>133.560</ele><time>2026-08-20T11:26:46Z</time><speed>0.000</speed><sat>23</sat></trkpt>
  <trkpt lat="59.66807942" lon="10.76868519"><ele>133.560</ele><time>2026-08-20T11:26:47Z</time><speed>0.000</speed><sat>22</sat></trkpt>
  <trkpt lat="59.66807942" lon="10.76868518"><ele>133.562</ele><time>2026-08-20T11:26:48Z</time><speed>0.000</speed><sat>22</sat></trkpt>
  <trkpt lat="59.66807941" lon="10.76868519"><ele>133.563</ele><time>2026-08-20T11:26:49Z</time><speed>0.000</speed><sat>22</sat></trkpt>
  <trkpt lat="59.66807941" lon="10.76868520"><ele>133.562</ele><time>2026-08-20T11:26:50Z</time><speed>0.000</speed><sat>22</sat></trkpt>
  <trkpt lat="59.66807943" lon="10.76868523"><ele>133.560</ele><time>2026-08-20T11:26:51Z</time><speed>0.000</speed><sat>22</sat></trkpt>
  <trkpt lat="59.66807944" lon="10.76868525"><ele>133.563</ele><time>2026-08-20T11:26:52Z</time><speed>0.000</speed><sat>21</sat></trkpt>
  <trkpt lat="59.66807944" lon="10.76868524"><ele>133.563</ele><time>2026-08-20T11:26:53Z</time><speed>0.000</speed><sat>21</sat></trkpt>
  <trkpt lat="59.66807945" lon="10.76868522"><ele>133.563</ele><time>2026-08-20T11:26:54Z</time><speed>0.000</speed><sat>21</sat></trkpt>
  <trkpt lat="59.66807947" lon="10.76868523"><ele>133.565</ele><time>2026-08-20T11:26:55Z</time><speed>0.000</speed><sat>20</sat></trkpt>
  <trkpt lat="59.66808023" lon="10.76868279"><ele>133.532</ele><time>2026-08-20T11:26:56Z</time><speed>0.000</speed><sat>20</sat></trkpt>
  <trkpt lat="59.66808038" lon="10.76868193"><ele>133.519</ele><time>2026-08-20T11:26:57Z</time><speed>0.000</speed><sat>20</sat></trkpt>
  <trkpt lat="59.66808042" lon="10.76868164"><ele>133.516</ele><time>2026-08-20T11:26:58Z</time><speed>0.000</speed><sat>22</sat></trkpt>
  <trkpt lat="59.66808045" lon="10.76868156"><ele>133.513</ele><time>2026-08-20T11:26:59Z</time><speed>0.000</speed><sat>23</sat></trkpt>
  <trkpt lat="59.66808047" lon="10.76868146"><ele>133.505</ele><time>2026-08-20T11:27:00Z</time><speed>0.000</speed><sat>24</sat></trkpt>
  <trkpt lat="59.66807918" lon="10.76867809"><ele>132.979</ele><time>2026-08-20T11:27:01Z</time><speed>0.000</speed><sat>24</sat></trkpt>
  <trkpt lat="59.66807875" lon="10.76867705"><ele>132.936</ele><time>2026-08-20T11:27:02Z</time><speed>0.000</speed><sat>25</sat></trkpt>
  <trkpt lat="59.66807864" lon="10.76867678"><ele>132.931</ele><time>2026-08-20T11:27:03Z</time><speed>0.000</speed><sat>26</sat></trkpt>
  <trkpt lat="59.66807861" lon="10.76867671"><ele>132.927</ele><time>2026-08-20T11:27:04Z</time><speed>0.000</speed><sat>24</sat></trkpt>
  <trkpt lat="59.66807862" lon="10.76867667"><ele>132.929</ele><time>2026-08-20T11:27:05Z</time><speed>0.000</speed><sat>24</sat></trkpt>
  <trkpt lat="59.66807862" lon="10.76867660"><ele>132.925</ele><time>2026-08-20T11:27:06Z</time><speed>0.000</speed><sat>25</sat></trkpt>
  <trkpt lat="59.66807863" lon="10.76867657"><ele>132.922</ele><time>2026-08-20T11:27:07Z</time><speed>0.000</speed><sat>25</sat></trkpt>
  <trkpt lat="59.66807861" lon="10.76867654"><ele>132.918</ele><time>2026-08-20T11:27:08Z</time><speed>0.000</speed><sat>25</sat></trkpt>
  <trkpt lat="59.66807863" lon="10.76867650"><ele>132.920</ele><time>2026-08-20T11:27:09Z</time><speed>0.000</speed><sat>25</sat></trkpt>
  <trkpt lat="59.66807862" lon="10.76867640"><ele>132.918</ele><time>2026-08-20T11:27:10Z</time><speed>0.000</speed><sat>25</sat></trkpt>
  <trkpt lat="59.66807860" lon="10.76867638"><ele>132.919</ele><time>2026-08-20T11:27:11Z</time><speed>0.000</speed><sat>25</sat></trkpt>
  <trkpt lat="59.66807891" lon="10.76867721"><ele>132.775</ele><time>2026-08-20T11:27:12Z</time><speed>0.000</speed><sat>25</sat></trkpt>
  <trkpt lat="59.66807778" lon="10.76867567"><ele>132.786</ele><time>2026-08-20T11:27:13Z</time><speed>0.000</speed><sat>25</sat></trkpt>
  <trkpt lat="59.66807955" lon="10.76867059"><ele>133.664</ele><time>2026-08-20T11:27:14Z</time><speed>0.000</speed><sat>24</sat></trkpt>
  <trkpt lat="59.66808007" lon="10.76866932"><ele>133.700</ele><time>2026-08-20T11:27:15Z</time><speed>0.000</speed><sat>24</sat></trkpt>
  <trkpt lat="59.66808021" lon="10.76866895"><ele>133.695</ele><time>2026-08-20T11:27:16Z</time><speed>0.000</speed><sat>25</sat></trkpt>
  <trkpt lat="59.66808026" lon="10.76866885"><ele>133.696</ele><time>2026-08-20T11:27:17Z</time><speed>0.000</speed><sat>26</sat></trkpt>
  <trkpt lat="59.66808027" lon="10.76866877"><ele>133.695</ele><time>2026-08-20T11:27:18Z</time><speed>0.000</speed><sat>26</sat></trkpt>
  <trkpt lat="59.66808028" lon="10.76866876"><ele>133.696</ele><time>2026-08-20T11:27:19Z</time><speed>0.000</speed><sat>25</sat></trkpt>
  <trkpt lat="59.66808028" lon="10.76866877"><ele>133.698</ele><time>2026-08-20T11:27:20Z</time><speed>0.000</speed><sat>24</sat></trkpt>
  <trkpt lat="59.66808028" lon="10.76866875"><ele>133.697</ele><time>2026-08-20T11:27:21Z</time><speed>0.000</speed><sat>26</sat></trkpt>
  <trkpt lat="59.66808027" lon="10.76866876"><ele>133.698</ele><time>2026-08-20T11:27:22Z</time><speed>0.000</speed><sat>26</sat></trkpt>
  <trkpt lat="59.66808025" lon="10.76866874"><ele>133.697</ele><time>2026-08-20T11:27:23Z</time><speed>0.000</speed><sat>26</sat></trkpt>
  <trkpt lat="59.66808026" lon="10.76866875"><ele>133.697</ele><time>2026-08-20T11:27:24Z</time><speed>0.000</speed><sat>26</sat></trkpt>
  <trkpt lat="59.66808467" lon="10.76867543"><ele>133.626</ele><time>2026-08-20T11:27:25Z</time><speed>0.660</speed><sat>25</sat></trkpt>
  <trkpt lat="59.66808843" lon="10.76868778"><ele>133.452</ele><time>2026-08-20T11:27:26Z</time><speed>0.820</speed><sat>26</sat></trkpt>
  <trkpt lat="59.66809184" lon="10.76870544"><ele>133.684</ele><time>2026-08-20T11:27:27Z</time><speed>0.930</speed><sat>26</sat></trkpt>
  <trkpt lat="59.66809657" lon="10.76872612"><ele>134.703</ele><time>2026-08-20T11:27:28Z</time><speed>1.010</speed><sat>25</sat></trkpt>
  <trkpt lat="59.66810031" lon="10.76874541"><ele>134.125</ele><time>2026-08-20T11:27:29Z</time><speed>0.970</speed><sat>26</sat></trkpt>
  <trkpt lat="59.66810546" lon="10.76876257"><ele>134.763</ele><time>2026-08-20T11:27:30Z</time><speed>1.000</speed><sat>26</sat></trkpt>
  <trkpt lat="59.66811036" lon="10.76877901"><ele>134.246</ele><time>2026-08-20T11:27:31Z</time><speed>0.890</speed><sat>26</sat></trkpt>
  <trkpt lat="59.66811594" lon="10.76879088"><ele>134.268</ele><time>2026-08-20T11:27:32Z</time><speed>0.960</speed><sat>26</sat></trkpt>
  <trkpt lat="59.66811980" lon="10.76880229"><ele>134.020</ele><time>2026-08-20T11:27:33Z</time><speed>0.930</speed><sat>26</sat></trkpt>
  <trkpt lat="59.66812359" lon="10.76881407"><ele>133.773</ele><time>2026-08-20T11:27:34Z</time><speed>0.900</speed><sat>25</sat></trkpt>
  <trkpt lat="59.66812820" lon="10.76882570"><ele>133.924</ele><time>2026-08-20T11:27:35Z</time><speed>0.930</speed><sat>25</sat></trkpt>
  <trkpt lat="59.66813569" lon="10.76883588"><ele>134.196</ele><time>2026-08-20T11:27:36Z</time><speed>1.040</speed><sat>25</sat></trkpt>
  <trkpt lat="59.66814173" lon="10.76884855"><ele>134.381</ele><time>2026-08-20T11:27:37Z</time><speed>0.980</speed><sat>24</sat></trkpt>
  <trkpt lat="59.66814525" lon="10.76886206"><ele>134.284</ele><time>2026-08-20T11:27:38Z</time><speed>0.890</speed><sat>24</sat></trkpt>
  <trkpt lat="59.66814932" lon="10.76887798"><ele>134.069</ele><time>2026-08-20T11:27:39Z</time><speed>0.970</speed><sat>24</sat></trkpt>
  <trkpt lat="59.66815309" lon="10.76889413"><ele>133.767</ele><time>2026-08-20T11:27:40Z</time><speed>0.830</speed><sat>24</sat></trkpt>
  <trkpt lat="59.66815481" lon="10.76890260"><ele>133.576</ele><time>2026-08-20T11:27:41Z</time><speed>0.550</speed><sat>24</sat></trkpt>
  <trkpt lat="59.66815717" lon="10.76891103"><ele>134.032</ele><time>2026-08-20T11:27:42Z</time><speed>0.870</speed><sat>26</sat></trkpt>
  <trkpt lat="59.66815768" lon="10.76891663"><ele>134.110</ele><time>2026-08-20T11:27:43Z</time><speed>0.500</speed><sat>26</sat></trkpt>
  <trkpt lat="59.66815473" lon="10.76890954"><ele>133.484</ele><time>2026-08-20T11:27:44Z</time><speed>0.230</speed><sat>26</sat></trkpt>
  <trkpt lat="59.66815646" lon="10.76892194"><ele>134.009</ele><time>2026-08-20T11:27:45Z</time><speed>0.820</speed><sat>26</sat></trkpt>
  <trkpt lat="59.66815941" lon="10.76893130"><ele>134.510</ele><time>2026-08-20T11:27:46Z</time><speed>0.520</speed><sat>26</sat></trkpt>
  <trkpt lat="59.66816519" lon="10.76894020"><ele>135.088</ele><time>2026-08-20T11:27:47Z</time><speed>0.780</speed><sat>26</sat></trkpt>
  <trkpt lat="59.66816953" lon="10.76894884"><ele>134.392</ele><time>2026-08-20T11:27:48Z</time><speed>0.640</speed><sat>26</sat></trkpt>
  <trkpt lat="59.66817328" lon="10.76895501"><ele>135.025</ele><time>2026-08-20T11:27:49Z</time><speed>0.520</speed><sat>26</sat></trkpt>
  <trkpt lat="59.66817774" lon="10.76896459"><ele>135.123</ele><time>2026-08-20T11:27:50Z</time><speed>0.780</speed><sat>26</sat></trkpt>
  <trkpt lat="59.66818287" lon="10.76897441"><ele>135.478</ele><time>2026-08-20T11:27:51Z</time><speed>0.710</speed><sat>26</sat></trkpt>
  <trkpt lat="59.66818786" lon="10.76898589"><ele>134.937</ele><time>2026-08-20T11:27:52Z</time><speed>0.750</speed><sat>25</sat></trkpt>
  <trkpt lat="59.66819377" lon="10.76899945"><ele>135.272</ele><time>2026-08-20T11:27:53Z</time><speed>0.780</speed><sat>26</sat></trkpt>
  <trkpt lat="59.66820003" lon="10.76901425"><ele>135.582</ele><time>2026-08-20T11:27:54Z</time><speed>0.790</speed><sat>26</sat></trkpt>
  <trkpt lat="59.66820637" lon="10.76902890"><ele>135.588</ele><time>2026-08-20T11:27:55Z</time><speed>0.740</speed><sat>26</sat></trkpt>
  <trkpt lat="59.66821288" lon="10.76904029"><ele>135.013</ele><time>2026-08-20T11:27:56Z</time><speed>0.770</speed><sat>26</sat></trkpt>
  <trkpt lat="59.66821948" lon="10.76905290"><ele>135.483</ele><time>2026-08-20T11:27:57Z</time><speed>0.850</speed><sat>26</sat></trkpt>
  <trkpt lat="59.66822512" lon="10.76906745"><ele>134.945</ele><time>2026-08-20T11:27:58Z</time><speed>0.890</speed><sat>26</sat></trkpt>
  <trkpt lat="59.66822999" lon="10.76908364"><ele>135.211</ele><time>2026-08-20T11:27:59Z</time><speed>0.890</speed><sat>26</sat></trkpt>
  <trkpt lat="59.66823709" lon="10.76909716"><ele>135.568</ele><time>2026-08-20T11:28:00Z</time><speed>1.000</speed><sat>26</sat></trkpt>
  <trkpt lat="59.66824565" lon="10.76911288"><ele>135.735</ele><time>2026-08-20T11:28:01Z</time><speed>1.060</speed><sat>25</sat></trkpt>
  <trkpt lat="59.66825478" lon="10.76913145"><ele>136.419</ele><time>2026-08-20T11:28:02Z</time><speed>1.170</speed><sat>25</sat></trkpt>
  <trkpt lat="59.66826473" lon="10.76914928"><ele>137.273</ele><time>2026-08-20T11:28:03Z</time><speed>1.190</speed><sat>26</sat></trkpt>
  <trkpt lat="59.66827413" lon="10.76916675"><ele>137.285</ele><time>2026-08-20T11:28:04Z</time><speed>1.160</speed><sat>26</sat></trkpt>
  <trkpt lat="59.66828235" lon="10.76918399"><ele>137.669</ele><time>2026-08-20T11:28:05Z</time><speed>1.140</speed><sat>26</sat></trkpt>
  <trkpt lat="59.66828858" lon="10.76920280"><ele>138.080</ele><time>2026-08-20T11:28:06Z</time><speed>1.060</speed><sat>26</sat></trkpt>
  <trkpt lat="59.66829437" lon="10.76921878"><ele>138.535</ele><time>2026-08-20T11:28:07Z</time><speed>0.960</speed><sat>26</sat></trkpt>
  <trkpt lat="59.66830210" lon="10.76923620"><ele>138.841</ele><time>2026-08-20T11:28:08Z</time><speed>1.240</speed><sat>26</sat></trkpt>
  <trkpt lat="59.66831067" lon="10.76925727"><ele>138.885</ele><time>2026-08-20T11:28:09Z</time><speed>1.200</speed><sat>25</sat></trkpt>
  <trkpt lat="59.66831862" lon="10.76927700"><ele>138.854</ele><time>2026-08-20T11:28:10Z</time><speed>1.200</speed><sat>26</sat></trkpt>
  <trkpt lat="59.66832524" lon="10.76929585"><ele>138.896</ele><time>2026-08-20T11:28:11Z</time><speed>1.200</speed><sat>26</sat></trkpt>
  <trkpt lat="59.66833259" lon="10.76931127"><ele>139.823</ele><time>2026-08-20T11:28:12Z</time><speed>1.120</speed><sat>26</sat></trkpt>
  <trkpt lat="59.66834054" lon="10.76932670"><ele>139.876</ele><time>2026-08-20T11:28:13Z</time><speed>1.190</speed><sat>26</sat></trkpt>
  <trkpt lat="59.66834855" lon="10.76934183"><ele>139.623</ele><time>2026-08-20T11:28:14Z</time><speed>1.170</speed><sat>26</sat></trkpt>
  <trkpt lat="59.66835708" lon="10.76935520"><ele>139.596</ele><time>2026-08-20T11:28:15Z</time><speed>1.200</speed><sat>26</sat></trkpt>
  <trkpt lat="59.66836682" lon="10.76936877"><ele>139.883</ele><time>2026-08-20T11:28:16Z</time><speed>1.220</speed><sat>26</sat></trkpt>
  <trkpt lat="59.66837543" lon="10.76938534"><ele>139.707</ele><time>2026-08-20T11:28:17Z</time><speed>1.220</speed><sat>26</sat></trkpt>
  <trkpt lat="59.66838445" lon="10.76939939"><ele>139.887</ele><time>2026-08-20T11:28:18Z</time><speed>1.150</speed><sat>26</sat></trkpt>
  <trkpt lat="59.66839434" lon="10.76941206"><ele>140.116</ele><time>2026-08-20T11:28:19Z</time><speed>1.090</speed><sat>26</sat></trkpt>
  <trkpt lat="59.66840421" lon="10.76942725"><ele>140.542</ele><time>2026-08-20T11:28:20Z</time><speed>1.170</speed><sat>26</sat></trkpt>
  <trkpt lat="59.66841392" lon="10.76943952"><ele>141.103</ele><time>2026-08-20T11:28:21Z</time><speed>1.040</speed><sat>26</sat></trkpt>
  <trkpt lat="59.66842258" lon="10.76945247"><ele>141.208</ele><time>2026-08-20T11:28:22Z</time><speed>1.150</speed><sat>26</sat></trkpt>
  <trkpt lat="59.66843156" lon="10.76946511"><ele>141.485</ele><time>2026-08-20T11:28:23Z</time><speed>1.210</speed><sat>26</sat></trkpt>
  <trkpt lat="59.66844075" lon="10.76947452"><ele>142.051</ele><time>2026-08-20T11:28:24Z</time><speed>1.150</speed><sat>26</sat></trkpt>
  <trkpt lat="59.66844501" lon="10.76948160"><ele>142.029</ele><time>2026-08-20T11:28:25Z</time><speed>0.640</speed><sat>26</sat></trkpt>
  <trkpt lat="59.66844598" lon="10.76949301"><ele>141.644</ele><time>2026-08-20T11:28:26Z</time><speed>0.450</speed><sat>26</sat></trkpt>
  <trkpt lat="59.66844377" lon="10.76949965"><ele>141.641</ele><time>2026-08-20T11:28:27Z</time><speed>0.000</speed><sat>26</sat></trkpt>
  <trkpt lat="59.66844527" lon="10.76950672"><ele>141.632</ele><time>2026-08-20T11:28:28Z</time><speed>0.360</speed><sat>26</sat></trkpt>
  <trkpt lat="59.66845029" lon="10.76951951"><ele>142.090</ele><time>2026-08-20T11:28:29Z</time><speed>0.840</speed><sat>26</sat></trkpt>
  <trkpt lat="59.66845488" lon="10.76953398"><ele>142.026</ele><time>2026-08-20T11:28:30Z</time><speed>0.840</speed><sat>26</sat></trkpt>
  <trkpt lat="59.66845710" lon="10.76954636"><ele>141.326</ele><time>2026-08-20T11:28:31Z</time><speed>0.670</speed><sat>26</sat></trkpt>
  <trkpt lat="59.66845997" lon="10.76955657"><ele>141.337</ele><time>2026-08-20T11:28:32Z</time><speed>0.830</speed><sat>26</sat></trkpt>
  <trkpt lat="59.66846428" lon="10.76956950"><ele>141.375</ele><time>2026-08-20T11:28:33Z</time><speed>0.920</speed><sat>26</sat></trkpt>
  <trkpt lat="59.66846905" lon="10.76958257"><ele>141.199</ele><time>2026-08-20T11:28:34Z</time><speed>1.050</speed><sat>26</sat></trkpt>
  <trkpt lat="59.66847383" lon="10.76959651"><ele>141.313</ele><time>2026-08-20T11:28:35Z</time><speed>0.880</speed><sat>26</sat></trkpt>
  <trkpt lat="59.66847721" lon="10.76961116"><ele>141.020</ele><time>2026-08-20T11:28:36Z</time><speed>0.850</speed><sat>26</sat></trkpt>
  <trkpt lat="59.66848128" lon="10.76962716"><ele>141.186</ele><time>2026-08-20T11:28:37Z</time><speed>0.930</speed><sat>26</sat></trkpt>
  <trkpt lat="59.66848495" lon="10.76964379"><ele>141.296</ele><time>2026-08-20T11:28:38Z</time><speed>0.910</speed><sat>26</sat></trkpt>
  <trkpt lat="59.66849120" lon="10.76966553"><ele>141.194</ele><time>2026-08-20T11:28:39Z</time><speed>1.130</speed><sat>26</sat></trkpt>
  <trkpt lat="59.66849786" lon="10.76968744"><ele>141.174</ele><time>2026-08-20T11:28:40Z</time><speed>1.060</speed><sat>26</sat></trkpt>
  <trkpt lat="59.66850221" lon="10.76970895"><ele>140.965</ele><time>2026-08-20T11:28:41Z</time><speed>1.090</speed><sat>26</sat></trkpt>
  <trkpt lat="59.66850703" lon="10.76973016"><ele>141.150</ele><time>2026-08-20T11:28:42Z</time><speed>1.130</speed><sat>26</sat></trkpt>
  <trkpt lat="59.66851366" lon="10.76974886"><ele>141.657</ele><time>2026-08-20T11:28:43Z</time><speed>1.110</speed><sat>26</sat></trkpt>
  <trkpt lat="59.66852159" lon="10.76976560"><ele>141.940</ele><time>2026-08-20T11:28:44Z</time><speed>1.170</speed><sat>26</sat></trkpt>
  <trkpt lat="59.66853018" lon="10.76978281"><ele>142.096</ele><time>2026-08-20T11:28:45Z</time><speed>1.220</speed><sat>26</sat></trkpt>
  <trkpt lat="59.66853849" lon="10.76980092"><ele>142.419</ele><time>2026-08-20T11:28:46Z</time><speed>1.240</speed><sat>25</sat></trkpt>
  <trkpt lat="59.66854702" lon="10.76981848"><ele>142.740</ele><time>2026-08-20T11:28:47Z</time><speed>1.240</speed><sat>25</sat></trkpt>
  <trkpt lat="59.66855483" lon="10.76983555"><ele>142.722</ele><time>2026-08-20T11:28:48Z</time><speed>1.230</speed><sat>24</sat></trkpt>
  <trkpt lat="59.66856158" lon="10.76985625"><ele>142.661</ele><time>2026-08-20T11:28:49Z</time><speed>1.300</speed><sat>24</sat></trkpt>
  <trkpt lat="59.66856790" lon="10.76987590"><ele>142.758</ele><time>2026-08-20T11:28:50Z</time><speed>1.270</speed><sat>24</sat></trkpt>
  <trkpt lat="59.66857508" lon="10.76989516"><ele>142.776</ele><time>2026-08-20T11:28:51Z</time><speed>1.310</speed><sat>24</sat></trkpt>
  <trkpt lat="59.66858215" lon="10.76991458"><ele>142.993</ele><time>2026-08-20T11:28:52Z</time><speed>1.310</speed><sat>24</sat></trkpt>
  <trkpt lat="59.66858903" lon="10.76993530"><ele>143.422</ele><time>2026-08-20T11:28:53Z</time><speed>1.310</speed><sat>24</sat></trkpt>
  <trkpt lat="59.66859581" lon="10.76995368"><ele>143.871</ele><time>2026-08-20T11:28:54Z</time><speed>1.310</speed><sat>24</sat></trkpt>
  <trkpt lat="59.66860267" lon="10.76997098"><ele>143.811</ele><time>2026-08-20T11:28:55Z</time><speed>1.360</speed><sat>24</sat></trkpt>
  <trkpt lat="59.66861028" lon="10.76999061"><ele>143.430</ele><time>2026-08-20T11:28:56Z</time><speed>1.380</speed><sat>24</sat></trkpt>
  <trkpt lat="59.66861890" lon="10.77001058"><ele>143.275</ele><time>2026-08-20T11:28:57Z</time><speed>1.370</speed><sat>25</sat></trkpt>
  <trkpt lat="59.66862693" lon="10.77003082"><ele>143.094</ele><time>2026-08-20T11:28:58Z</time><speed>1.340</speed><sat>25</sat></trkpt>
  <trkpt lat="59.66863380" lon="10.77005318"><ele>143.019</ele><time>2026-08-20T11:28:59Z</time><speed>1.430</speed><sat>25</sat></trkpt>
  <trkpt lat="59.66864050" lon="10.77007751"><ele>143.144</ele><time>2026-08-20T11:29:00Z</time><speed>1.300</speed><sat>25</sat></trkpt>
  <trkpt lat="59.66864722" lon="10.77010488"><ele>143.412</ele><time>2026-08-20T11:29:01Z</time><speed>1.380</speed><sat>24</sat></trkpt>
  <trkpt lat="59.66865396" lon="10.77013162"><ele>143.179</ele><time>2026-08-20T11:29:02Z</time><speed>1.400</speed><sat>24</sat></trkpt>
  <trkpt lat="59.66866033" lon="10.77015975"><ele>143.199</ele><time>2026-08-20T11:29:03Z</time><speed>1.450</speed><sat>24</sat></trkpt>
  <trkpt lat="59.66866542" lon="10.77018729"><ele>143.070</ele><time>2026-08-20T11:29:04Z</time><speed>1.380</speed><sat>25</sat></trkpt>
  <trkpt lat="59.66866906" lon="10.77021342"><ele>143.226</ele><time>2026-08-20T11:29:05Z</time><speed>1.390</speed><sat>25</sat></trkpt>
  <trkpt lat="59.66867092" lon="10.77024201"><ele>142.736</ele><time>2026-08-20T11:29:06Z</time><speed>1.440</speed><sat>25</sat></trkpt>
  <trkpt lat="59.66867200" lon="10.77026931"><ele>142.769</ele><time>2026-08-20T11:29:07Z</time><speed>1.360</speed><sat>25</sat></trkpt>
  <trkpt lat="59.66867333" lon="10.77029526"><ele>143.154</ele><time>2026-08-20T11:29:08Z</time><speed>1.470</speed><sat>25</sat></trkpt>
  <trkpt lat="59.66867497" lon="10.77032040"><ele>143.924</ele><time>2026-08-20T11:29:09Z</time><speed>1.420</speed><sat>25</sat></trkpt>
  <trkpt lat="59.66867633" lon="10.77034491"><ele>144.212</ele><time>2026-08-20T11:29:10Z</time><speed>1.410</speed><sat>25</sat></trkpt>
  <trkpt lat="59.66868025" lon="10.77036881"><ele>144.459</ele><time>2026-08-20T11:29:11Z</time><speed>1.470</speed><sat>25</sat></trkpt>
  <trkpt lat="59.66868467" lon="10.77039171"><ele>143.705</ele><time>2026-08-20T11:29:12Z</time><speed>1.420</speed><sat>25</sat></trkpt>
  <trkpt lat="59.66868941" lon="10.77041280"><ele>144.038</ele><time>2026-08-20T11:29:13Z</time><speed>1.430</speed><sat>25</sat></trkpt>
  <trkpt lat="59.66869483" lon="10.77043631"><ele>143.970</ele><time>2026-08-20T11:29:14Z</time><speed>1.460</speed><sat>23</sat></trkpt>
  <trkpt lat="59.66869761" lon="10.77045939"><ele>144.095</ele><time>2026-08-20T11:29:15Z</time><speed>1.350</speed><sat>23</sat></trkpt>
  <trkpt lat="59.66870292" lon="10.77048303"><ele>143.460</ele><time>2026-08-20T11:29:16Z</time><speed>1.440</speed><sat>23</sat></trkpt>
  <trkpt lat="59.66870890" lon="10.77050299"><ele>143.193</ele><time>2026-08-20T11:29:17Z</time><speed>1.360</speed><sat>23</sat></trkpt>
  <trkpt lat="59.66871219" lon="10.77052690"><ele>143.096</ele><time>2026-08-20T11:29:18Z</time><speed>1.330</speed><sat>23</sat></trkpt>
  <trkpt lat="59.66871559" lon="10.77054684"><ele>143.386</ele><time>2026-08-20T11:29:19Z</time><speed>1.340</speed><sat>24</sat></trkpt>
  <trkpt lat="59.66871839" lon="10.77056723"><ele>143.533</ele><time>2026-08-20T11:29:20Z</time><speed>1.260</speed><sat>25</sat></trkpt>
  <trkpt lat="59.66872210" lon="10.77058805"><ele>143.694</ele><time>2026-08-20T11:29:21Z</time><speed>1.100</speed><sat>25</sat></trkpt>
  <trkpt lat="59.66872691" lon="10.77060796"><ele>143.443</ele><time>2026-08-20T11:29:22Z</time><speed>1.210</speed><sat>25</sat></trkpt>
  <trkpt lat="59.66872786" lon="10.77060902"><ele>143.384</ele><time>2026-08-20T11:29:23Z</time><speed>0.000</speed><sat>25</sat></trkpt>
  <trkpt lat="59.66872863" lon="10.77061911"><ele>143.318</ele><time>2026-08-20T11:29:24Z</time><speed>0.780</speed><sat>25</sat></trkpt>
  <trkpt lat="59.66873082" lon="10.77063607"><ele>143.062</ele><time>2026-08-20T11:29:25Z</time><speed>0.990</speed><sat>24</sat></trkpt>
  <trkpt lat="59.66873261" lon="10.77065074"><ele>142.722</ele><time>2026-08-20T11:29:26Z</time><speed>0.730</speed><sat>24</sat></trkpt>
  <trkpt lat="59.66873460" lon="10.77066176"><ele>142.358</ele><time>2026-08-20T11:29:27Z</time><speed>0.530</speed><sat>25</sat></trkpt>
  <trkpt lat="59.66873585" lon="10.77066838"><ele>142.233</ele><time>2026-08-20T11:29:28Z</time><speed>0.280</speed><sat>25</sat></trkpt>
  <trkpt lat="59.66873672" lon="10.77067143"><ele>141.695</ele><time>2026-08-20T11:29:29Z</time><speed>0.360</speed><sat>26</sat></trkpt>
  <trkpt lat="59.66873612" lon="10.77067101"><ele>141.672</ele><time>2026-08-20T11:29:30Z</time><speed>0.000</speed><sat>25</sat></trkpt>
  <trkpt lat="59.66873732" lon="10.77066602"><ele>142.426</ele><time>2026-08-20T11:29:31Z</time><speed>0.000</speed><sat>25</sat></trkpt>
  <trkpt lat="59.66873762" lon="10.77066440"><ele>142.435</ele><time>2026-08-20T11:29:32Z</time><speed>0.000</speed><sat>24</sat></trkpt>
  <trkpt lat="59.66873770" lon="10.77066396"><ele>142.436</ele><time>2026-08-20T11:29:33Z</time><speed>0.000</speed><sat>23</sat></trkpt>
  <trkpt lat="59.66873417" lon="10.77066403"><ele>141.843</ele><time>2026-08-20T11:29:34Z</time><speed>0.370</speed><sat>23</sat></trkpt>
  <trkpt lat="59.66873259" lon="10.77066783"><ele>142.082</ele><time>2026-08-20T11:29:35Z</time><speed>0.290</speed><sat>23</sat></trkpt>
  <trkpt lat="59.66873494" lon="10.77068568"><ele>142.157</ele><time>2026-08-20T11:29:36Z</time><speed>1.040</speed><sat>22</sat></trkpt>
  <trkpt lat="59.66874038" lon="10.77071319"><ele>142.002</ele><time>2026-08-20T11:29:37Z</time><speed>1.640</speed><sat>22</sat></trkpt>
  <trkpt lat="59.66874715" lon="10.77074237"><ele>142.194</ele><time>2026-08-20T11:29:38Z</time><speed>1.630</speed><sat>22</sat></trkpt>
  <trkpt lat="59.66875384" lon="10.77077014"><ele>142.258</ele><time>2026-08-20T11:29:39Z</time><speed>1.620</speed><sat>22</sat></trkpt>
  <trkpt lat="59.66876057" lon="10.77079675"><ele>142.459</ele><time>2026-08-20T11:29:40Z</time><speed>1.580</speed><sat>22</sat></trkpt>
  <trkpt lat="59.66876673" lon="10.77082397"><ele>142.182</ele><time>2026-08-20T11:29:41Z</time><speed>1.640</speed><sat>22</sat></trkpt>
  <trkpt lat="59.66877285" lon="10.77085041"><ele>142.036</ele><time>2026-08-20T11:29:42Z</time><speed>1.640</speed><sat>22</sat></trkpt>
  <trkpt lat="59.66878092" lon="10.77087682"><ele>142.375</ele><time>2026-08-20T11:29:43Z</time><speed>1.690</speed><sat>22</sat></trkpt>
  <trkpt lat="59.66878629" lon="10.77089866"><ele>141.812</ele><time>2026-08-20T11:29:44Z</time><speed>1.470</speed><sat>22</sat></trkpt>
  <trkpt lat="59.66879211" lon="10.77092699"><ele>142.206</ele><time>2026-08-20T11:29:45Z</time><speed>1.670</speed><sat>23</sat></trkpt>
  <trkpt lat="59.66879578" lon="10.77095108"><ele>142.930</ele><time>2026-08-20T11:29:46Z</time><speed>1.420</speed><sat>23</sat></trkpt>
  <trkpt lat="59.66879888" lon="10.77097349"><ele>142.555</ele><time>2026-08-20T11:29:47Z</time><speed>1.450</speed><sat>24</sat></trkpt>
  <trkpt lat="59.66880302" lon="10.77099609"><ele>143.027</ele><time>2026-08-20T11:29:48Z</time><speed>1.540</speed><sat>25</sat></trkpt>
  <trkpt lat="59.66880968" lon="10.77102021"><ele>143.196</ele><time>2026-08-20T11:29:49Z</time><speed>1.590</speed><sat>25</sat></trkpt>
  <trkpt lat="59.66881449" lon="10.77104172"><ele>143.606</ele><time>2026-08-20T11:29:50Z</time><speed>1.550</speed><sat>25</sat></trkpt>
  <trkpt lat="59.66881909" lon="10.77106761"><ele>144.183</ele><time>2026-08-20T11:29:51Z</time><speed>1.510</speed><sat>25</sat></trkpt>
  <trkpt lat="59.66882456" lon="10.77109293"><ele>144.298</ele><time>2026-08-20T11:29:52Z</time><speed>1.610</speed><sat>25</sat></trkpt>
  <trkpt lat="59.66883062" lon="10.77111903"><ele>143.913</ele><time>2026-08-20T11:29:53Z</time><speed>1.610</speed><sat>25</sat></trkpt>
  <trkpt lat="59.66883495" lon="10.77114375"><ele>144.243</ele><time>2026-08-20T11:29:54Z</time><speed>1.530</speed><sat>25</sat></trkpt>
  <trkpt lat="59.66884143" lon="10.77116747"><ele>144.351</ele><time>2026-08-20T11:29:55Z</time><speed>1.600</speed><sat>25</sat></trkpt>
  <trkpt lat="59.66885036" lon="10.77119012"><ele>144.883</ele><time>2026-08-20T11:29:56Z</time><speed>1.630</speed><sat>25</sat></trkpt>
  <trkpt lat="59.66885789" lon="10.77121449"><ele>144.876</ele><time>2026-08-20T11:29:57Z</time><speed>1.590</speed><sat>24</sat></trkpt>
  <trkpt lat="59.66886166" lon="10.77123703"><ele>144.989</ele><time>2026-08-20T11:29:58Z</time><speed>1.370</speed><sat>25</sat></trkpt>
  <trkpt lat="59.66886810" lon="10.77125629"><ele>145.763</ele><time>2026-08-20T11:29:59Z</time><speed>1.200</speed><sat>26</sat></trkpt>
  <trkpt lat="59.66887648" lon="10.77127653"><ele>146.788</ele><time>2026-08-20T11:30:00Z</time><speed>1.510</speed><sat>26</sat></trkpt>
  <trkpt lat="59.66887673" lon="10.77127757"><ele>146.544</ele><time>2026-08-20T11:30:01Z</time><speed>0.000</speed><sat>26</sat></trkpt>
  <trkpt lat="59.66887437" lon="10.77127285"><ele>146.534</ele><time>2026-08-20T11:30:02Z</time><speed>0.000</speed><sat>26</sat></trkpt>
  <trkpt lat="59.66887381" lon="10.77127164"><ele>146.531</ele><time>2026-08-20T11:30:03Z</time><speed>0.000</speed><sat>26</sat></trkpt>
  <trkpt lat="59.66887370" lon="10.77127136"><ele>146.528</ele><time>2026-08-20T11:30:04Z</time><speed>0.000</speed><sat>26</sat></trkpt>
  <trkpt lat="59.66887369" lon="10.77127130"><ele>146.530</ele><time>2026-08-20T11:30:05Z</time><speed>0.000</speed><sat>26</sat></trkpt>
  <trkpt lat="59.66887372" lon="10.77127132"><ele>146.536</ele><time>2026-08-20T11:30:06Z</time><speed>0.000</speed><sat>26</sat></trkpt>
  <trkpt lat="59.66887370" lon="10.77127140"><ele>146.528</ele><time>2026-08-20T11:30:07Z</time><speed>0.000</speed><sat>26</sat></trkpt>
  <trkpt lat="59.66887373" lon="10.77127146"><ele>146.533</ele><time>2026-08-20T11:30:08Z</time><speed>0.000</speed><sat>26</sat></trkpt>
  <trkpt lat="59.66887374" lon="10.77127151"><ele>146.534</ele><time>2026-08-20T11:30:09Z</time><speed>0.000</speed><sat>26</sat></trkpt>
  <trkpt lat="59.66887377" lon="10.77127155"><ele>146.534</ele><time>2026-08-20T11:30:10Z</time><speed>0.000</speed><sat>26</sat></trkpt>
  <trkpt lat="59.66887377" lon="10.77127163"><ele>146.536</ele><time>2026-08-20T11:30:11Z</time><speed>0.000</speed><sat>26</sat></trkpt>
  <trkpt lat="59.66887350" lon="10.77127742"><ele>145.839</ele><time>2026-08-20T11:30:12Z</time><speed>0.260</speed><sat>26</sat></trkpt>
  <trkpt lat="59.66887232" lon="10.77128185"><ele>146.324</ele><time>2026-08-20T11:30:13Z</time><speed>0.170</speed><sat>26</sat></trkpt>
  <trkpt lat="59.66887082" lon="10.77128344"><ele>146.328</ele><time>2026-08-20T11:30:14Z</time><speed>0.000</speed><sat>26</sat></trkpt>
  <trkpt lat="59.66887051" lon="10.77128375"><ele>146.327</ele><time>2026-08-20T11:30:15Z</time><speed>0.000</speed><sat>26</sat></trkpt>
  <trkpt lat="59.66887044" lon="10.77128388"><ele>146.327</ele><time>2026-08-20T11:30:16Z</time><speed>0.000</speed><sat>26</sat></trkpt>
  <trkpt lat="59.66887043" lon="10.77128403"><ele>146.328</ele><time>2026-08-20T11:30:17Z</time><speed>0.000</speed><sat>26</sat></trkpt>
  <trkpt lat="59.66887044" lon="10.77128417"><ele>146.332</ele><time>2026-08-20T11:30:18Z</time><speed>0.000</speed><sat>26</sat></trkpt>
  <trkpt lat="59.66887044" lon="10.77128428"><ele>146.329</ele><time>2026-08-20T11:30:19Z</time><speed>0.000</speed><sat>26</sat></trkpt>
  <trkpt lat="59.66887043" lon="10.77128435"><ele>146.326</ele><time>2026-08-20T11:30:20Z</time><speed>0.000</speed><sat>26</sat></trkpt>
  <trkpt lat="59.66887086" lon="10.77128450"><ele>146.555</ele><time>2026-08-20T11:30:21Z</time><speed>0.000</speed><sat>26</sat></trkpt>
  <trkpt lat="59.66887035" lon="10.77128743"><ele>146.227</ele><time>2026-08-20T11:30:22Z</time><speed>0.340</speed><sat>26</sat></trkpt>
  <trkpt lat="59.66886572" lon="10.77129859"><ele>146.411</ele><time>2026-08-20T11:30:23Z</time><speed>0.890</speed><sat>26</sat></trkpt>
  <trkpt lat="59.66885654" lon="10.77131738"><ele>146.101</ele><time>2026-08-20T11:30:24Z</time><speed>1.400</speed><sat>26</sat></trkpt>
  <trkpt lat="59.66884584" lon="10.77133719"><ele>146.168</ele><time>2026-08-20T11:30:25Z</time><speed>1.560</speed><sat>26</sat></trkpt>
  <trkpt lat="59.66883386" lon="10.77135771"><ele>146.211</ele><time>2026-08-20T11:30:26Z</time><speed>1.540</speed><sat>26</sat></trkpt>
  <trkpt lat="59.66882304" lon="10.77137996"><ele>145.852</ele><time>2026-08-20T11:30:27Z</time><speed>1.580</speed><sat>26</sat></trkpt>
  <trkpt lat="59.66881176" lon="10.77140136"><ele>145.632</ele><time>2026-08-20T11:30:28Z</time><speed>1.440</speed><sat>26</sat></trkpt>
  <trkpt lat="59.66880200" lon="10.77142134"><ele>145.670</ele><time>2026-08-20T11:30:29Z</time><speed>1.540</speed><sat>26</sat></trkpt>
  <trkpt lat="59.66879034" lon="10.77143900"><ele>145.785</ele><time>2026-08-20T11:30:30Z</time><speed>1.480</speed><sat>26</sat></trkpt>
  <trkpt lat="59.66877916" lon="10.77145602"><ele>145.931</ele><time>2026-08-20T11:30:31Z</time><speed>1.430</speed><sat>26</sat></trkpt>
  <trkpt lat="59.66876811" lon="10.77147455"><ele>145.596</ele><time>2026-08-20T11:30:32Z</time><speed>1.470</speed><sat>26</sat></trkpt>
  <trkpt lat="59.66875748" lon="10.77149224"><ele>145.934</ele><time>2026-08-20T11:30:33Z</time><speed>1.440</speed><sat>26</sat></trkpt>
  <trkpt lat="59.66874556" lon="10.77151074"><ele>145.924</ele><time>2026-08-20T11:30:34Z</time><speed>1.590</speed><sat>26</sat></trkpt>
  <trkpt lat="59.66873415" lon="10.77152794"><ele>145.836</ele><time>2026-08-20T11:30:35Z</time><speed>1.490</speed><sat>25</sat></trkpt>
  <trkpt lat="59.66872359" lon="10.77154708"><ele>145.832</ele><time>2026-08-20T11:30:36Z</time><speed>1.570</speed><sat>26</sat></trkpt>
  <trkpt lat="59.66871239" lon="10.77156253"><ele>145.678</ele><time>2026-08-20T11:30:37Z</time><speed>1.520</speed><sat>26</sat></trkpt>
  <trkpt lat="59.66870002" lon="10.77157912"><ele>145.673</ele><time>2026-08-20T11:30:38Z</time><speed>1.530</speed><sat>26</sat></trkpt>
  <trkpt lat="59.66868937" lon="10.77159754"><ele>146.144</ele><time>2026-08-20T11:30:39Z</time><speed>1.510</speed><sat>26</sat></trkpt>
  <trkpt lat="59.66867837" lon="10.77161613"><ele>146.349</ele><time>2026-08-20T11:30:40Z</time><speed>1.530</speed><sat>26</sat></trkpt>
  <trkpt lat="59.66866740" lon="10.77163512"><ele>146.485</ele><time>2026-08-20T11:30:41Z</time><speed>1.540</speed><sat>26</sat></trkpt>
  <trkpt lat="59.66865589" lon="10.77165443"><ele>146.638</ele><time>2026-08-20T11:30:42Z</time><speed>1.550</speed><sat>26</sat></trkpt>
  <trkpt lat="59.66864401" lon="10.77167071"><ele>146.729</ele><time>2026-08-20T11:30:43Z</time><speed>1.540</speed><sat>26</sat></trkpt>
  <trkpt lat="59.66863005" lon="10.77168705"><ele>145.946</ele><time>2026-08-20T11:30:44Z</time><speed>1.530</speed><sat>26</sat></trkpt>
  <trkpt lat="59.66861749" lon="10.77170255"><ele>145.964</ele><time>2026-08-20T11:30:45Z</time><speed>1.560</speed><sat>26</sat></trkpt>
  <trkpt lat="59.66860646" lon="10.77171764"><ele>146.375</ele><time>2026-08-20T11:30:46Z</time><speed>1.480</speed><sat>26</sat></trkpt>
  <trkpt lat="59.66859450" lon="10.77173080"><ele>146.316</ele><time>2026-08-20T11:30:47Z</time><speed>1.540</speed><sat>26</sat></trkpt>
  <trkpt lat="59.66858535" lon="10.77174519"><ele>146.316</ele><time>2026-08-20T11:30:48Z</time><speed>1.230</speed><sat>26</sat></trkpt>
  <trkpt lat="59.66857641" lon="10.77176226"><ele>146.325</ele><time>2026-08-20T11:30:49Z</time><speed>1.330</speed><sat>26</sat></trkpt>
  <trkpt lat="59.66856563" lon="10.77177707"><ele>146.256</ele><time>2026-08-20T11:30:50Z</time><speed>1.420</speed><sat>26</sat></trkpt>
  <trkpt lat="59.66855783" lon="10.77179055"><ele>147.365</ele><time>2026-08-20T11:30:51Z</time><speed>1.140</speed><sat>26</sat></trkpt>
  <trkpt lat="59.66854704" lon="10.77180146"><ele>147.673</ele><time>2026-08-20T11:30:52Z</time><speed>1.320</speed><sat>26</sat></trkpt>
  <trkpt lat="59.66853634" lon="10.77181169"><ele>148.188</ele><time>2026-08-20T11:30:53Z</time><speed>1.280</speed><sat>26</sat></trkpt>
  <trkpt lat="59.66852614" lon="10.77182647"><ele>148.627</ele><time>2026-08-20T11:30:54Z</time><speed>1.340</speed><sat>26</sat></trkpt>
  <trkpt lat="59.66851536" lon="10.77184513"><ele>148.634</ele><time>2026-08-20T11:30:55Z</time><speed>1.410</speed><sat>25</sat></trkpt>
  <trkpt lat="59.66850506" lon="10.77186241"><ele>148.878</ele><time>2026-08-20T11:30:56Z</time><speed>1.380</speed><sat>25</sat></trkpt>
  <trkpt lat="59.66849435" lon="10.77188009"><ele>148.858</ele><time>2026-08-20T11:30:57Z</time><speed>1.390</speed><sat>25</sat></trkpt>
  <trkpt lat="59.66848338" lon="10.77189684"><ele>148.936</ele><time>2026-08-20T11:30:58Z</time><speed>1.540</speed><sat>25</sat></trkpt>
  <trkpt lat="59.66847163" lon="10.77191524"><ele>148.954</ele><time>2026-08-20T11:30:59Z</time><speed>1.530</speed><sat>25</sat></trkpt>
  <trkpt lat="59.66846114" lon="10.77193472"><ele>149.441</ele><time>2026-08-20T11:31:00Z</time><speed>1.540</speed><sat>25</sat></trkpt>
  <trkpt lat="59.66845009" lon="10.77195360"><ele>149.801</ele><time>2026-08-20T11:31:01Z</time><speed>1.570</speed><sat>25</sat></trkpt>
  <trkpt lat="59.66843887" lon="10.77197419"><ele>149.848</ele><time>2026-08-20T11:31:02Z</time><speed>1.550</speed><sat>25</sat></trkpt>
  <trkpt lat="59.66842794" lon="10.77199322"><ele>150.167</ele><time>2026-08-20T11:31:03Z</time><speed>1.520</speed><sat>26</sat></trkpt>
  <trkpt lat="59.66841529" lon="10.77200828"><ele>150.060</ele><time>2026-08-20T11:31:04Z</time><speed>1.600</speed><sat>26</sat></trkpt>
  <trkpt lat="59.66840331" lon="10.77201761"><ele>150.345</ele><time>2026-08-20T11:31:05Z</time><speed>1.370</speed><sat>26</sat></trkpt>
  <trkpt lat="59.66839013" lon="10.77202857"><ele>150.071</ele><time>2026-08-20T11:31:06Z</time><speed>1.580</speed><sat>26</sat></trkpt>
  <trkpt lat="59.66837675" lon="10.77203916"><ele>150.047</ele><time>2026-08-20T11:31:07Z</time><speed>1.590</speed><sat>26</sat></trkpt>
  <trkpt lat="59.66836340" lon="10.77204870"><ele>149.810</ele><time>2026-08-20T11:31:08Z</time><speed>1.570</speed><sat>26</sat></trkpt>
  <trkpt lat="59.66835036" lon="10.77205733"><ele>149.375</ele><time>2026-08-20T11:31:09Z</time><speed>1.540</speed><sat>24</sat></trkpt>
  <trkpt lat="59.66834788" lon="10.77205803"><ele>149.781</ele><time>2026-08-20T11:31:10Z</time><speed>0.260</speed><sat>23</sat></trkpt>
  <trkpt lat="59.66835078" lon="10.77205562"><ele>149.821</ele><time>2026-08-20T11:31:11Z</time><speed>0.000</speed><sat>24</sat></trkpt>
  <trkpt lat="59.66834941" lon="10.77205582"><ele>149.676</ele><time>2026-08-20T11:31:12Z</time><speed>0.150</speed><sat>24</sat></trkpt>
  <trkpt lat="59.66834444" lon="10.77205976"><ele>149.771</ele><time>2026-08-20T11:31:13Z</time><speed>0.720</speed><sat>23</sat></trkpt>
  <trkpt lat="59.66834413" lon="10.77205948"><ele>149.764</ele><time>2026-08-20T11:31:14Z</time><speed>0.000</speed><sat>23</sat></trkpt>
  <trkpt lat="59.66834421" lon="10.77205923"><ele>149.766</ele><time>2026-08-20T11:31:15Z</time><speed>0.000</speed><sat>23</sat></trkpt>
  <trkpt lat="59.66834385" lon="10.77205881"><ele>149.559</ele><time>2026-08-20T11:31:16Z</time><speed>0.000</speed><sat>23</sat></trkpt>
  <trkpt lat="59.66834370" lon="10.77205824"><ele>149.554</ele><time>2026-08-20T11:31:17Z</time><speed>0.000</speed><sat>23</sat></trkpt>
  <trkpt lat="59.66833534" lon="10.77206648"><ele>149.463</ele><time>2026-08-20T11:31:18Z</time><speed>1.070</speed><sat>23</sat></trkpt>
  <trkpt lat="59.66831828" lon="10.77208414"><ele>149.350</ele><time>2026-08-20T11:31:19Z</time><speed>2.240</speed><sat>24</sat></trkpt>
  <trkpt lat="59.66829285" lon="10.77211219"><ele>149.255</ele><time>2026-08-20T11:31:20Z</time><speed>3.300</speed><sat>25</sat></trkpt>
  <trkpt lat="59.66825732" lon="10.77214208"><ele>148.549</ele><time>2026-08-20T11:31:21Z</time><speed>4.120</speed><sat>26</sat></trkpt>
  <trkpt lat="59.66822336" lon="10.77216226"><ele>148.832</ele><time>2026-08-20T11:31:22Z</time><speed>3.820</speed><sat>26</sat></trkpt>
  <trkpt lat="59.66818120" lon="10.77218861"><ele>148.271</ele><time>2026-08-20T11:31:23Z</time><speed>4.720</speed><sat>26</sat></trkpt>
  <trkpt lat="59.66813793" lon="10.77221574"><ele>147.620</ele><time>2026-08-20T11:31:24Z</time><speed>4.890</speed><sat>26</sat></trkpt>
  <trkpt lat="59.66809657" lon="10.77223790"><ele>146.620</ele><time>2026-08-20T11:31:25Z</time><speed>4.620</speed><sat>26</sat></trkpt>
  <trkpt lat="59.66805718" lon="10.77226291"><ele>146.320</ele><time>2026-08-20T11:31:26Z</time><speed>4.390</speed><sat>26</sat></trkpt>
  <trkpt lat="59.66802598" lon="10.77228959"><ele>145.477</ele><time>2026-08-20T11:31:27Z</time><speed>3.410</speed><sat>26</sat></trkpt>
  <trkpt lat="59.66799222" lon="10.77231310"><ele>145.048</ele><time>2026-08-20T11:31:28Z</time><speed>3.920</speed><sat>26</sat></trkpt>
  <trkpt lat="59.66796062" lon="10.77233781"><ele>144.864</ele><time>2026-08-20T11:31:29Z</time><speed>3.670</speed><sat>26</sat></trkpt>
  <trkpt lat="59.66792944" lon="10.77235402"><ele>142.635</ele><time>2026-08-20T11:31:30Z</time><speed>3.540</speed><sat>26</sat></trkpt>
  <trkpt lat="59.66790215" lon="10.77235366"><ele>141.884</ele><time>2026-08-20T11:31:31Z</time><speed>2.930</speed><sat>26</sat></trkpt>
  <trkpt lat="59.66787920" lon="10.77235535"><ele>140.467</ele><time>2026-08-20T11:31:32Z</time><speed>2.560</speed><sat>26</sat></trkpt>
  <trkpt lat="59.66785960" lon="10.77236049"><ele>140.421</ele><time>2026-08-20T11:31:33Z</time><speed>2.300</speed><sat>26</sat></trkpt>
  <trkpt lat="59.66783955" lon="10.77237087"><ele>139.718</ele><time>2026-08-20T11:31:34Z</time><speed>2.430</speed><sat>26</sat></trkpt>
  <trkpt lat="59.66782028" lon="10.77238206"><ele>139.144</ele><time>2026-08-20T11:31:35Z</time><speed>2.330</speed><sat>26</sat></trkpt>
  <trkpt lat="59.66780243" lon="10.77239024"><ele>138.247</ele><time>2026-08-20T11:31:36Z</time><speed>2.210</speed><sat>26</sat></trkpt>
  <trkpt lat="59.66778287" lon="10.77239861"><ele>137.276</ele><time>2026-08-20T11:31:37Z</time><speed>2.370</speed><sat>26</sat></trkpt>
  <trkpt lat="59.66776438" lon="10.77240591"><ele>136.988</ele><time>2026-08-20T11:31:38Z</time><speed>2.220</speed><sat>24</sat></trkpt>
  <trkpt lat="59.66774710" lon="10.77241341"><ele>137.258</ele><time>2026-08-20T11:31:39Z</time><speed>2.180</speed><sat>24</sat></trkpt>
  <trkpt lat="59.66773112" lon="10.77242346"><ele>137.169</ele><time>2026-08-20T11:31:40Z</time><speed>2.190</speed><sat>24</sat></trkpt>
  <trkpt lat="59.66771489" lon="10.77243166"><ele>136.826</ele><time>2026-08-20T11:31:41Z</time><speed>2.210</speed><sat>24</sat></trkpt>
  <trkpt lat="59.66769809" lon="10.77244123"><ele>135.903</ele><time>2026-08-20T11:31:42Z</time><speed>2.210</speed><sat>24</sat></trkpt>
  <trkpt lat="59.66768379" lon="10.77245125"><ele>136.845</ele><time>2026-08-20T11:31:43Z</time><speed>2.160</speed><sat>24</sat></trkpt>
  <trkpt lat="59.66767408" lon="10.77245961"><ele>137.698</ele><time>2026-08-20T11:31:44Z</time><speed>1.880</speed><sat>26</sat></trkpt>
  <trkpt lat="59.66766051" lon="10.77246683"><ele>137.354</ele><time>2026-08-20T11:31:45Z</time><speed>2.130</speed><sat>26</sat></trkpt>
  <trkpt lat="59.66764486" lon="10.77247389"><ele>137.081</ele><time>2026-08-20T11:31:46Z</time><speed>2.150</speed><sat>25</sat></trkpt>
  <trkpt lat="59.66762902" lon="10.77247798"><ele>136.505</ele><time>2026-08-20T11:31:47Z</time><speed>2.100</speed><sat>25</sat></trkpt>
  <trkpt lat="59.66761232" lon="10.77248438"><ele>136.073</ele><time>2026-08-20T11:31:48Z</time><speed>2.180</speed><sat>24</sat></trkpt>
  <trkpt lat="59.66759488" lon="10.77249544"><ele>135.386</ele><time>2026-08-20T11:31:49Z</time><speed>2.230</speed><sat>24</sat></trkpt>
  <trkpt lat="59.66757693" lon="10.77250841"><ele>134.819</ele><time>2026-08-20T11:31:50Z</time><speed>2.210</speed><sat>25</sat></trkpt>
  <trkpt lat="59.66756098" lon="10.77251747"><ele>134.613</ele><time>2026-08-20T11:31:51Z</time><speed>2.040</speed><sat>25</sat></trkpt>
  <trkpt lat="59.66754408" lon="10.77252672"><ele>134.041</ele><time>2026-08-20T11:31:52Z</time><speed>2.150</speed><sat>24</sat></trkpt>
  <trkpt lat="59.66752936" lon="10.77253849"><ele>134.134</ele><time>2026-08-20T11:31:53Z</time><speed>2.100</speed><sat>24</sat></trkpt>
  <trkpt lat="59.66752233" lon="10.77254984"><ele>135.093</ele><time>2026-08-20T11:31:54Z</time><speed>1.640</speed><sat>25</sat></trkpt>
  <trkpt lat="59.66751023" lon="10.77256454"><ele>134.254</ele><time>2026-08-20T11:31:55Z</time><speed>2.090</speed><sat>26</sat></trkpt>
  <trkpt lat="59.66749747" lon="10.77257996"><ele>133.784</ele><time>2026-08-20T11:31:56Z</time><speed>2.090</speed><sat>26</sat></trkpt>
  <trkpt lat="59.66749087" lon="10.77259585"><ele>133.778</ele><time>2026-08-20T11:31:57Z</time><speed>1.800</speed><sat>26</sat></trkpt>
  <trkpt lat="59.66749370" lon="10.77260010"><ele>134.379</ele><time>2026-08-20T11:31:58Z</time><speed>0.390</speed><sat>26</sat></trkpt>
  <trkpt lat="59.66750462" lon="10.77259787"><ele>134.420</ele><time>2026-08-20T11:31:59Z</time><speed>0.000</speed><sat>26</sat></trkpt>
  <trkpt lat="59.66750759" lon="10.77259711"><ele>134.434</ele><time>2026-08-20T11:32:00Z</time><speed>0.000</speed><sat>26</sat></trkpt>
  <trkpt lat="59.66750841" lon="10.77259693"><ele>134.442</ele><time>2026-08-20T11:32:01Z</time><speed>0.000</speed><sat>26</sat></trkpt>
  <trkpt lat="59.66750866" lon="10.77259686"><ele>134.449</ele><time>2026-08-20T11:32:02Z</time><speed>0.000</speed><sat>26</sat></trkpt>
  <trkpt lat="59.66750878" lon="10.77259683"><ele>134.453</ele><time>2026-08-20T11:32:03Z</time><speed>0.000</speed><sat>26</sat></trkpt>
  <trkpt lat="59.66750886" lon="10.77259682"><ele>134.458</ele><time>2026-08-20T11:32:04Z</time><speed>0.000</speed><sat>26</sat></trkpt>
  <trkpt lat="59.66750893" lon="10.77259680"><ele>134.460</ele><time>2026-08-20T11:32:05Z</time><speed>0.000</speed><sat>25</sat></trkpt>
  <trkpt lat="59.66750900" lon="10.77259678"><ele>134.466</ele><time>2026-08-20T11:32:06Z</time><speed>0.000</speed><sat>25</sat></trkpt>
  <trkpt lat="59.66750904" lon="10.77259678"><ele>134.470</ele><time>2026-08-20T11:32:07Z</time><speed>0.000</speed><sat>25</sat></trkpt>
  <trkpt lat="59.66750908" lon="10.77259681"><ele>134.470</ele><time>2026-08-20T11:32:08Z</time><speed>0.000</speed><sat>25</sat></trkpt>
  <trkpt lat="59.66750912" lon="10.77259681"><ele>134.477</ele><time>2026-08-20T11:32:09Z</time><speed>0.000</speed><sat>26</sat></trkpt>
  <trkpt lat="59.66750915" lon="10.77259683"><ele>134.482</ele><time>2026-08-20T11:32:10Z</time><speed>0.000</speed><sat>26</sat></trkpt>
  <trkpt lat="59.66750918" lon="10.77259688"><ele>134.481</ele><time>2026-08-20T11:32:11Z</time><speed>0.000</speed><sat>26</sat></trkpt>
  <trkpt lat="59.66750919" lon="10.77259694"><ele>134.480</ele><time>2026-08-20T11:32:12Z</time><speed>0.000</speed><sat>27</sat></trkpt>
  <trkpt lat="59.66750922" lon="10.77259695"><ele>134.483</ele><time>2026-08-20T11:32:13Z</time><speed>0.000</speed><sat>27</sat></trkpt>
  <trkpt lat="59.66750633" lon="10.77260387"><ele>134.953</ele><time>2026-08-20T11:32:14Z</time><speed>0.720</speed><sat>27</sat></trkpt>
  <trkpt lat="59.66750026" lon="10.77261391"><ele>135.172</ele><time>2026-08-20T11:32:15Z</time><speed>1.170</speed><sat>27</sat></trkpt>
  <trkpt lat="59.66749315" lon="10.77262560"><ele>135.145</ele><time>2026-08-20T11:32:16Z</time><speed>1.170</speed><sat>27</sat></trkpt>
  <trkpt lat="59.66749219" lon="10.77263940"><ele>135.711</ele><time>2026-08-20T11:32:17Z</time><speed>0.830</speed><sat>27</sat></trkpt>
  <trkpt lat="59.66749506" lon="10.77265336"><ele>136.576</ele><time>2026-08-20T11:32:18Z</time><speed>0.880</speed><sat>27</sat></trkpt>
  <trkpt lat="59.66749729" lon="10.77267301"><ele>136.927</ele><time>2026-08-20T11:32:19Z</time><speed>1.310</speed><sat>27</sat></trkpt>
  <trkpt lat="59.66750053" lon="10.77269684"><ele>137.339</ele><time>2026-08-20T11:32:20Z</time><speed>1.370</speed><sat>27</sat></trkpt>
  <trkpt lat="59.66750447" lon="10.77272096"><ele>137.770</ele><time>2026-08-20T11:32:21Z</time><speed>1.310</speed><sat>27</sat></trkpt>
  <trkpt lat="59.66750805" lon="10.77274723"><ele>138.329</ele><time>2026-08-20T11:32:22Z</time><speed>1.450</speed><sat>26</sat></trkpt>
  <trkpt lat="59.66751352" lon="10.77277411"><ele>139.050</ele><time>2026-08-20T11:32:23Z</time><speed>1.530</speed><sat>26</sat></trkpt>
  <trkpt lat="59.66751800" lon="10.77280177"><ele>139.553</ele><time>2026-08-20T11:32:24Z</time><speed>1.550</speed><sat>27</sat></trkpt>
  <trkpt lat="59.66752206" lon="10.77282722"><ele>139.563</ele><time>2026-08-20T11:32:25Z</time><speed>1.440</speed><sat>27</sat></trkpt>
  <trkpt lat="59.66752660" lon="10.77285491"><ele>140.139</ele><time>2026-08-20T11:32:26Z</time><speed>1.480</speed><sat>27</sat></trkpt>
  <trkpt lat="59.66753160" lon="10.77288344"><ele>141.006</ele><time>2026-08-20T11:32:27Z</time><speed>1.450</speed><sat>27</sat></trkpt>
  <trkpt lat="59.66753373" lon="10.77291059"><ele>140.913</ele><time>2026-08-20T11:32:28Z</time><speed>1.390</speed><sat>27</sat></trkpt>
  <trkpt lat="59.66753553" lon="10.77293813"><ele>141.326</ele><time>2026-08-20T11:32:29Z</time><speed>1.470</speed><sat>27</sat></trkpt>
  <trkpt lat="59.66753787" lon="10.77296604"><ele>141.158</ele><time>2026-08-20T11:32:30Z</time><speed>1.490</speed><sat>27</sat></trkpt>
  <trkpt lat="59.66754062" lon="10.77299262"><ele>141.601</ele><time>2026-08-20T11:32:31Z</time><speed>1.560</speed><sat>27</sat></trkpt>
  <trkpt lat="59.66754298" lon="10.77301958"><ele>141.587</ele><time>2026-08-20T11:32:32Z</time><speed>1.540</speed><sat>27</sat></trkpt>
  <trkpt lat="59.66754458" lon="10.77304617"><ele>141.765</ele><time>2026-08-20T11:32:33Z</time><speed>1.560</speed><sat>27</sat></trkpt>
  <trkpt lat="59.66754551" lon="10.77307152"><ele>141.747</ele><time>2026-08-20T11:32:34Z</time><speed>1.510</speed><sat>27</sat></trkpt>
  <trkpt lat="59.66754632" lon="10.77309608"><ele>142.268</ele><time>2026-08-20T11:32:35Z</time><speed>1.450</speed><sat>26</sat></trkpt>
  <trkpt lat="59.66754597" lon="10.77312494"><ele>141.810</ele><time>2026-08-20T11:32:36Z</time><speed>1.460</speed><sat>26</sat></trkpt>
  <trkpt lat="59.66754724" lon="10.77315242"><ele>142.603</ele><time>2026-08-20T11:32:37Z</time><speed>1.430</speed><sat>27</sat></trkpt>
  <trkpt lat="59.66754985" lon="10.77318045"><ele>142.822</ele><time>2026-08-20T11:32:38Z</time><speed>1.380</speed><sat>26</sat></trkpt>
  <trkpt lat="59.66755304" lon="10.77320799"><ele>142.730</ele><time>2026-08-20T11:32:39Z</time><speed>1.440</speed><sat>26</sat></trkpt>
  <trkpt lat="59.66755554" lon="10.77323590"><ele>142.728</ele><time>2026-08-20T11:32:40Z</time><speed>1.480</speed><sat>27</sat></trkpt>
  <trkpt lat="59.66755610" lon="10.77326117"><ele>142.711</ele><time>2026-08-20T11:32:41Z</time><speed>1.460</speed><sat>27</sat></trkpt>
  <trkpt lat="59.66755727" lon="10.77328899"><ele>142.743</ele><time>2026-08-20T11:32:42Z</time><speed>1.490</speed><sat>27</sat></trkpt>
  <trkpt lat="59.66755867" lon="10.77331514"><ele>142.685</ele><time>2026-08-20T11:32:43Z</time><speed>1.500</speed><sat>27</sat></trkpt>
  <trkpt lat="59.66756079" lon="10.77334026"><ele>142.993</ele><time>2026-08-20T11:32:44Z</time><speed>1.450</speed><sat>27</sat></trkpt>
  <trkpt lat="59.66756006" lon="10.77336454"><ele>142.844</ele><time>2026-08-20T11:32:45Z</time><speed>1.420</speed><sat>27</sat></trkpt>
  <trkpt lat="59.66756112" lon="10.77338946"><ele>143.385</ele><time>2026-08-20T11:32:46Z</time><speed>1.440</speed><sat>27</sat></trkpt>
  <trkpt lat="59.66756187" lon="10.77341713"><ele>143.574</ele><time>2026-08-20T11:32:47Z</time><speed>1.490</speed><sat>27</sat></trkpt>
  <trkpt lat="59.66756228" lon="10.77344552"><ele>143.420</ele><time>2026-08-20T11:32:48Z</time><speed>1.570</speed><sat>27</sat></trkpt>
  <trkpt lat="59.66756282" lon="10.77347445"><ele>143.660</ele><time>2026-08-20T11:32:49Z</time><speed>1.530</speed><sat>27</sat></trkpt>
  <trkpt lat="59.66756390" lon="10.77350152"><ele>143.511</ele><time>2026-08-20T11:32:50Z</time><speed>1.450</speed><sat>27</sat></trkpt>
  <trkpt lat="59.66756337" lon="10.77352827"><ele>143.586</ele><time>2026-08-20T11:32:51Z</time><speed>1.470</speed><sat>27</sat></trkpt>
  <trkpt lat="59.66756298" lon="10.77355796"><ele>143.969</ele><time>2026-08-20T11:32:52Z</time><speed>1.580</speed><sat>27</sat></trkpt>
  <trkpt lat="59.66756271" lon="10.77358371"><ele>143.609</ele><time>2026-08-20T11:32:53Z</time><speed>1.430</speed><sat>26</sat></trkpt>
  <trkpt lat="59.66756181" lon="10.77361176"><ele>143.664</ele><time>2026-08-20T11:32:54Z</time><speed>1.490</speed><sat>25</sat></trkpt>
  <trkpt lat="59.66756086" lon="10.77363769"><ele>143.616</ele><time>2026-08-20T11:32:55Z</time><speed>1.460</speed><sat>25</sat></trkpt>
  <trkpt lat="59.66756312" lon="10.77366281"><ele>143.876</ele><time>2026-08-20T11:32:56Z</time><speed>1.430</speed><sat>25</sat></trkpt>
  <trkpt lat="59.66756369" lon="10.77368842"><ele>143.992</ele><time>2026-08-20T11:32:57Z</time><speed>1.410</speed><sat>25</sat></trkpt>
  <trkpt lat="59.66756352" lon="10.77371559"><ele>144.399</ele><time>2026-08-20T11:32:58Z</time><speed>1.390</speed><sat>26</sat></trkpt>
  <trkpt lat="59.66756511" lon="10.77374208"><ele>144.529</ele><time>2026-08-20T11:32:59Z</time><speed>1.440</speed><sat>26</sat></trkpt>
  <trkpt lat="59.66756760" lon="10.77376603"><ele>144.419</ele><time>2026-08-20T11:33:00Z</time><speed>1.400</speed><sat>26</sat></trkpt>
  <trkpt lat="59.66756882" lon="10.77379025"><ele>144.294</ele><time>2026-08-20T11:33:01Z</time><speed>1.470</speed><sat>26</sat></trkpt>
  <trkpt lat="59.66757084" lon="10.77381438"><ele>144.571</ele><time>2026-08-20T11:33:02Z</time><speed>1.450</speed><sat>27</sat></trkpt>
  <trkpt lat="59.66757286" lon="10.77383688"><ele>144.421</ele><time>2026-08-20T11:33:03Z</time><speed>1.320</speed><sat>27</sat></trkpt>
  <trkpt lat="59.66757476" lon="10.77386156"><ele>144.741</ele><time>2026-08-20T11:33:04Z</time><speed>1.460</speed><sat>27</sat></trkpt>
  <trkpt lat="59.66757730" lon="10.77388819"><ele>144.970</ele><time>2026-08-20T11:33:05Z</time><speed>1.410</speed><sat>27</sat></trkpt>
  <trkpt lat="59.66757836" lon="10.77391368"><ele>145.063</ele><time>2026-08-20T11:33:06Z</time><speed>1.420</speed><sat>27</sat></trkpt>
  <trkpt lat="59.66757780" lon="10.77393941"><ele>144.534</ele><time>2026-08-20T11:33:07Z</time><speed>1.410</speed><sat>27</sat></trkpt>
  <trkpt lat="59.66757410" lon="10.77396573"><ele>144.304</ele><time>2026-08-20T11:33:08Z</time><speed>1.440</speed><sat>27</sat></trkpt>
  <trkpt lat="59.66757294" lon="10.77398887"><ele>143.955</ele><time>2026-08-20T11:33:09Z</time><speed>1.410</speed><sat>27</sat></trkpt>
  <trkpt lat="59.66757194" lon="10.77401042"><ele>143.989</ele><time>2026-08-20T11:33:10Z</time><speed>1.460</speed><sat>26</sat></trkpt>
  <trkpt lat="59.66757045" lon="10.77403270"><ele>143.808</ele><time>2026-08-20T11:33:11Z</time><speed>1.460</speed><sat>26</sat></trkpt>
  <trkpt lat="59.66756822" lon="10.77405560"><ele>143.523</ele><time>2026-08-20T11:33:12Z</time><speed>1.430</speed><sat>26</sat></trkpt>
  <trkpt lat="59.66756647" lon="10.77407945"><ele>143.360</ele><time>2026-08-20T11:33:13Z</time><speed>1.450</speed><sat>27</sat></trkpt>
  <trkpt lat="59.66756466" lon="10.77410662"><ele>143.182</ele><time>2026-08-20T11:33:14Z</time><speed>1.460</speed><sat>27</sat></trkpt>
  <trkpt lat="59.66756290" lon="10.77413325"><ele>143.100</ele><time>2026-08-20T11:33:15Z</time><speed>1.510</speed><sat>27</sat></trkpt>
  <trkpt lat="59.66756170" lon="10.77416020"><ele>143.057</ele><time>2026-08-20T11:33:16Z</time><speed>1.510</speed><sat>26</sat></trkpt>
  <trkpt lat="59.66756029" lon="10.77418712"><ele>143.426</ele><time>2026-08-20T11:33:17Z</time><speed>1.450</speed><sat>26</sat></trkpt>
  <trkpt lat="59.66755989" lon="10.77421207"><ele>143.331</ele><time>2026-08-20T11:33:18Z</time><speed>1.410</speed><sat>26</sat></trkpt>
  <trkpt lat="59.66755793" lon="10.77423809"><ele>143.175</ele><time>2026-08-20T11:33:19Z</time><speed>1.410</speed><sat>25</sat></trkpt>
  <trkpt lat="59.66755695" lon="10.77426277"><ele>143.508</ele><time>2026-08-20T11:33:20Z</time><speed>1.390</speed><sat>25</sat></trkpt>
  <trkpt lat="59.66755649" lon="10.77428696"><ele>143.593</ele><time>2026-08-20T11:33:21Z</time><speed>1.450</speed><sat>25</sat></trkpt>
  <trkpt lat="59.66755705" lon="10.77431167"><ele>143.597</ele><time>2026-08-20T11:33:22Z</time><speed>1.360</speed><sat>25</sat></trkpt>
  <trkpt lat="59.66755936" lon="10.77433605"><ele>143.676</ele><time>2026-08-20T11:33:23Z</time><speed>1.420</speed><sat>25</sat></trkpt>
  <trkpt lat="59.66755963" lon="10.77436622"><ele>143.264</ele><time>2026-08-20T11:33:24Z</time><speed>1.470</speed><sat>25</sat></trkpt>
  <trkpt lat="59.66755803" lon="10.77439642"><ele>143.170</ele><time>2026-08-20T11:33:25Z</time><speed>1.510</speed><sat>25</sat></trkpt>
  <trkpt lat="59.66755727" lon="10.77442474"><ele>143.529</ele><time>2026-08-20T11:33:26Z</time><speed>1.450</speed><sat>24</sat></trkpt>
  <trkpt lat="59.66755672" lon="10.77445237"><ele>143.440</ele><time>2026-08-20T11:33:27Z</time><speed>1.460</speed><sat>25</sat></trkpt>
  <trkpt lat="59.66755670" lon="10.77447962"><ele>143.271</ele><time>2026-08-20T11:33:28Z</time><speed>1.410</speed><sat>25</sat></trkpt>
  <trkpt lat="59.66755570" lon="10.77450510"><ele>143.429</ele><time>2026-08-20T11:33:29Z</time><speed>1.430</speed><sat>25</sat></trkpt>
  <trkpt lat="59.66755579" lon="10.77453276"><ele>143.266</ele><time>2026-08-20T11:33:30Z</time><speed>1.480</speed><sat>26</sat></trkpt>
  <trkpt lat="59.66755455" lon="10.77456141"><ele>143.103</ele><time>2026-08-20T11:33:31Z</time><speed>1.510</speed><sat>26</sat></trkpt>
  <trkpt lat="59.66755340" lon="10.77458927"><ele>142.531</ele><time>2026-08-20T11:33:32Z</time><speed>1.570</speed><sat>26</sat></trkpt>
  <trkpt lat="59.66755206" lon="10.77461711"><ele>142.326</ele><time>2026-08-20T11:33:33Z</time><speed>1.560</speed><sat>25</sat></trkpt>
  <trkpt lat="59.66755057" lon="10.77464488"><ele>142.255</ele><time>2026-08-20T11:33:34Z</time><speed>1.480</speed><sat>25</sat></trkpt>
  <trkpt lat="59.66754805" lon="10.77467088"><ele>142.309</ele><time>2026-08-20T11:33:35Z</time><speed>1.490</speed><sat>25</sat></trkpt>
  <trkpt lat="59.66754715" lon="10.77469663"><ele>142.400</ele><time>2026-08-20T11:33:36Z</time><speed>1.470</speed><sat>26</sat></trkpt>
  <trkpt lat="59.66754721" lon="10.77472146"><ele>142.231</ele><time>2026-08-20T11:33:37Z</time><speed>1.440</speed><sat>25</sat></trkpt>
  <trkpt lat="59.66754630" lon="10.77474864"><ele>142.309</ele><time>2026-08-20T11:33:38Z</time><speed>1.550</speed><sat>25</sat></trkpt>
  <trkpt lat="59.66754455" lon="10.77477642"><ele>142.294</ele><time>2026-08-20T11:33:39Z</time><speed>1.540</speed><sat>26</sat></trkpt>
  <trkpt lat="59.66754458" lon="10.77480149"><ele>142.428</ele><time>2026-08-20T11:33:40Z</time><speed>1.500</speed><sat>26</sat></trkpt>
  <trkpt lat="59.66754247" lon="10.77482423"><ele>142.157</ele><time>2026-08-20T11:33:41Z</time><speed>1.480</speed><sat>26</sat></trkpt>
  <trkpt lat="59.66753934" lon="10.77484931"><ele>142.183</ele><time>2026-08-20T11:33:42Z</time><speed>1.480</speed><sat>26</sat></trkpt>
  <trkpt lat="59.66753954" lon="10.77487734"><ele>142.701</ele><time>2026-08-20T11:33:43Z</time><speed>1.460</speed><sat>26</sat></trkpt>
  <trkpt lat="59.66753963" lon="10.77490397"><ele>142.619</ele><time>2026-08-20T11:33:44Z</time><speed>1.490</speed><sat>26</sat></trkpt>
  <trkpt lat="59.66754053" lon="10.77492786"><ele>142.565</ele><time>2026-08-20T11:33:45Z</time><speed>1.460</speed><sat>26</sat></trkpt>
  <trkpt lat="59.66754093" lon="10.77495192"><ele>142.558</ele><time>2026-08-20T11:33:46Z</time><speed>1.470</speed><sat>26</sat></trkpt>
  <trkpt lat="59.66754040" lon="10.77497546"><ele>142.602</ele><time>2026-08-20T11:33:47Z</time><speed>1.390</speed><sat>24</sat></trkpt>
  <trkpt lat="59.66754144" lon="10.77500021"><ele>142.644</ele><time>2026-08-20T11:33:48Z</time><speed>1.440</speed><sat>24</sat></trkpt>
  <trkpt lat="59.66754215" lon="10.77502682"><ele>142.796</ele><time>2026-08-20T11:33:49Z</time><speed>1.530</speed><sat>24</sat></trkpt>
  <trkpt lat="59.66754225" lon="10.77505098"><ele>142.541</ele><time>2026-08-20T11:33:50Z</time><speed>1.480</speed><sat>25</sat></trkpt>
  <trkpt lat="59.66754370" lon="10.77507496"><ele>142.778</ele><time>2026-08-20T11:33:51Z</time><speed>1.410</speed><sat>25</sat></trkpt>
  <trkpt lat="59.66754270" lon="10.77510040"><ele>142.061</ele><time>2026-08-20T11:33:52Z</time><speed>1.400</speed><sat>25</sat></trkpt>
  <trkpt lat="59.66754194" lon="10.77512879"><ele>142.104</ele><time>2026-08-20T11:33:53Z</time><speed>1.500</speed><sat>26</sat></trkpt>
  <trkpt lat="59.66754150" lon="10.77515588"><ele>142.201</ele><time>2026-08-20T11:33:54Z</time><speed>1.410</speed><sat>26</sat></trkpt>
  <trkpt lat="59.66754060" lon="10.77518354"><ele>142.454</ele><time>2026-08-20T11:33:55Z</time><speed>1.440</speed><sat>27</sat></trkpt>
  <trkpt lat="59.66754078" lon="10.77521116"><ele>142.658</ele><time>2026-08-20T11:33:56Z</time><speed>1.470</speed><sat>27</sat></trkpt>
  <trkpt lat="59.66754077" lon="10.77523881"><ele>142.805</ele><time>2026-08-20T11:33:57Z</time><speed>1.530</speed><sat>27</sat></trkpt>
  <trkpt lat="59.66753973" lon="10.77526539"><ele>142.607</ele><time>2026-08-20T11:33:58Z</time><speed>1.550</speed><sat>27</sat></trkpt>
  <trkpt lat="59.66753817" lon="10.77529265"><ele>142.761</ele><time>2026-08-20T11:33:59Z</time><speed>1.530</speed><sat>27</sat></trkpt>
  <trkpt lat="59.66753827" lon="10.77531985"><ele>142.688</ele><time>2026-08-20T11:34:00Z</time><speed>1.400</speed><sat>27</sat></trkpt>
  <trkpt lat="59.66753687" lon="10.77534787"><ele>142.598</ele><time>2026-08-20T11:34:01Z</time><speed>1.410</speed><sat>27</sat></trkpt>
  <trkpt lat="59.66753549" lon="10.77537318"><ele>142.205</ele><time>2026-08-20T11:34:02Z</time><speed>1.430</speed><sat>27</sat></trkpt>
  <trkpt lat="59.66753278" lon="10.77539728"><ele>142.125</ele><time>2026-08-20T11:34:03Z</time><speed>1.310</speed><sat>27</sat></trkpt>
  <trkpt lat="59.66753103" lon="10.77541667"><ele>142.467</ele><time>2026-08-20T11:34:04Z</time><speed>1.150</speed><sat>27</sat></trkpt>
  <trkpt lat="59.66753054" lon="10.77543829"><ele>142.447</ele><time>2026-08-20T11:34:05Z</time><speed>1.180</speed><sat>27</sat></trkpt>
  <trkpt lat="59.66752978" lon="10.77545993"><ele>142.435</ele><time>2026-08-20T11:34:06Z</time><speed>1.180</speed><sat>27</sat></trkpt>
  <trkpt lat="59.66752497" lon="10.77548854"><ele>142.819</ele><time>2026-08-20T11:34:07Z</time><speed>1.580</speed><sat>26</sat></trkpt>
  <trkpt lat="59.66751839" lon="10.77551252"><ele>142.780</ele><time>2026-08-20T11:34:08Z</time><speed>1.300</speed><sat>27</sat></trkpt>
  <trkpt lat="59.66751150" lon="10.77553739"><ele>142.853</ele><time>2026-08-20T11:34:09Z</time><speed>1.320</speed><sat>27</sat></trkpt>
  <trkpt lat="59.66750594" lon="10.77555945"><ele>142.313</ele><time>2026-08-20T11:34:10Z</time><speed>1.330</speed><sat>26</sat></trkpt>
  <trkpt lat="59.66750350" lon="10.77558328"><ele>142.354</ele><time>2026-08-20T11:34:11Z</time><speed>1.310</speed><sat>27</sat></trkpt>
  <trkpt lat="59.66750045" lon="10.77560871"><ele>141.953</ele><time>2026-08-20T11:34:12Z</time><speed>1.400</speed><sat>27</sat></trkpt>
  <trkpt lat="59.66749664" lon="10.77563667"><ele>142.033</ele><time>2026-08-20T11:34:13Z</time><speed>1.440</speed><sat>26</sat></trkpt>
  <trkpt lat="59.66749111" lon="10.77565956"><ele>141.778</ele><time>2026-08-20T11:34:14Z</time><speed>1.280</speed><sat>26</sat></trkpt>
  <trkpt lat="59.66748666" lon="10.77568098"><ele>141.989</ele><time>2026-08-20T11:34:15Z</time><speed>1.290</speed><sat>26</sat></trkpt>
  <trkpt lat="59.66748560" lon="10.77570126"><ele>142.663</ele><time>2026-08-20T11:34:16Z</time><speed>1.160</speed><sat>26</sat></trkpt>
  <trkpt lat="59.66748573" lon="10.77572598"><ele>142.857</ele><time>2026-08-20T11:34:17Z</time><speed>1.450</speed><sat>26</sat></trkpt>
  <trkpt lat="59.66748147" lon="10.77575646"><ele>143.111</ele><time>2026-08-20T11:34:18Z</time><speed>1.660</speed><sat>26</sat></trkpt>
  <trkpt lat="59.66747516" lon="10.77578150"><ele>142.775</ele><time>2026-08-20T11:34:19Z</time><speed>1.580</speed><sat>26</sat></trkpt>
  <trkpt lat="59.66746871" lon="10.77580482"><ele>142.755</ele><time>2026-08-20T11:34:20Z</time><speed>1.520</speed><sat>25</sat></trkpt>
  <trkpt lat="59.66746211" lon="10.77582690"><ele>142.300</ele><time>2026-08-20T11:34:21Z</time><speed>1.340</speed><sat>26</sat></trkpt>
  <trkpt lat="59.66745785" lon="10.77585018"><ele>142.378</ele><time>2026-08-20T11:34:22Z</time><speed>1.320</speed><sat>26</sat></trkpt>
  <trkpt lat="59.66745501" lon="10.77587226"><ele>142.299</ele><time>2026-08-20T11:34:23Z</time><speed>1.290</speed><sat>26</sat></trkpt>
  <trkpt lat="59.66745188" lon="10.77589437"><ele>142.649</ele><time>2026-08-20T11:34:24Z</time><speed>1.370</speed><sat>26</sat></trkpt>
  <trkpt lat="59.66744994" lon="10.77590999"><ele>143.313</ele><time>2026-08-20T11:34:25Z</time><speed>0.840</speed><sat>26</sat></trkpt>
  <trkpt lat="59.66744952" lon="10.77591418"><ele>142.619</ele><time>2026-08-20T11:34:26Z</time><speed>0.190</speed><sat>25</sat></trkpt>
  <trkpt lat="59.66745009" lon="10.77591200"><ele>142.651</ele><time>2026-08-20T11:34:27Z</time><speed>0.000</speed><sat>25</sat></trkpt>
  <trkpt lat="59.66745027" lon="10.77591134"><ele>142.652</ele><time>2026-08-20T11:34:28Z</time><speed>0.000</speed><sat>24</sat></trkpt>
  <trkpt lat="59.66745031" lon="10.77591116"><ele>142.651</ele><time>2026-08-20T11:34:29Z</time><speed>0.000</speed><sat>24</sat></trkpt>
  <trkpt lat="59.66745031" lon="10.77591109"><ele>142.653</ele><time>2026-08-20T11:34:30Z</time><speed>0.000</speed><sat>24</sat></trkpt>
  <trkpt lat="59.66745028" lon="10.77591110"><ele>142.653</ele><time>2026-08-20T11:34:31Z</time><speed>0.000</speed><sat>24</sat></trkpt>
  <trkpt lat="59.66745027" lon="10.77591110"><ele>142.650</ele><time>2026-08-20T11:34:32Z</time><speed>0.000</speed><sat>22</sat></trkpt>
  <trkpt lat="59.66745027" lon="10.77591109"><ele>142.655</ele><time>2026-08-20T11:34:33Z</time><speed>0.000</speed><sat>21</sat></trkpt>
  <trkpt lat="59.66745027" lon="10.77591111"><ele>142.656</ele><time>2026-08-20T11:34:34Z</time><speed>0.000</speed><sat>21</sat></trkpt>
  <trkpt lat="59.66745025" lon="10.77591111"><ele>142.654</ele><time>2026-08-20T11:34:35Z</time><speed>0.000</speed><sat>21</sat></trkpt>
  <trkpt lat="59.66745024" lon="10.77591114"><ele>142.653</ele><time>2026-08-20T11:34:36Z</time><speed>0.000</speed><sat>21</sat></trkpt>
  <trkpt lat="59.66744801" lon="10.77591215"><ele>142.754</ele><time>2026-08-20T11:34:37Z</time><speed>0.300</speed><sat>23</sat></trkpt>
  <trkpt lat="59.66744493" lon="10.77591694"><ele>142.519</ele><time>2026-08-20T11:34:38Z</time><speed>0.280</speed><sat>23</sat></trkpt>
  <trkpt lat="59.66743882" lon="10.77592381"><ele>142.272</ele><time>2026-08-20T11:34:39Z</time><speed>0.630</speed><sat>23</sat></trkpt>
  <trkpt lat="59.66742983" lon="10.77593266"><ele>141.860</ele><time>2026-08-20T11:34:40Z</time><speed>0.730</speed><sat>25</sat></trkpt>
  <trkpt lat="59.66742087" lon="10.77594163"><ele>142.061</ele><time>2026-08-20T11:34:41Z</time><speed>0.690</speed><sat>25</sat></trkpt>
  <trkpt lat="59.66741029" lon="10.77594845"><ele>142.174</ele><time>2026-08-20T11:34:42Z</time><speed>1.120</speed><sat>25</sat></trkpt>
  <trkpt lat="59.66739570" lon="10.77595331"><ele>141.864</ele><time>2026-08-20T11:34:43Z</time><speed>1.370</speed><sat>24</sat></trkpt>
  <trkpt lat="59.66738142" lon="10.77596014"><ele>141.710</ele><time>2026-08-20T11:34:44Z</time><speed>1.310</speed><sat>26</sat></trkpt>
  <trkpt lat="59.66736821" lon="10.77596701"><ele>141.714</ele><time>2026-08-20T11:34:45Z</time><speed>1.340</speed><sat>26</sat></trkpt>
  <trkpt lat="59.66735504" lon="10.77597415"><ele>141.855</ele><time>2026-08-20T11:34:46Z</time><speed>1.390</speed><sat>26</sat></trkpt>
  <trkpt lat="59.66734181" lon="10.77598232"><ele>141.602</ele><time>2026-08-20T11:34:47Z</time><speed>1.410</speed><sat>26</sat></trkpt>
  <trkpt lat="59.66733461" lon="10.77598754"><ele>142.622</ele><time>2026-08-20T11:34:48Z</time><speed>1.110</speed><sat>26</sat></trkpt>
  <trkpt lat="59.66732948" lon="10.77599213"><ele>142.925</ele><time>2026-08-20T11:34:49Z</time><speed>0.800</speed><sat>27</sat></trkpt>
  <trkpt lat="59.66732528" lon="10.77599596"><ele>142.836</ele><time>2026-08-20T11:34:50Z</time><speed>0.720</speed><sat>25</sat></trkpt>
  <trkpt lat="59.66732767" lon="10.77599412"><ele>142.859</ele><time>2026-08-20T11:34:51Z</time><speed>0.000</speed><sat>26</sat></trkpt>
  <trkpt lat="59.66732405" lon="10.77599397"><ele>143.086</ele><time>2026-08-20T11:34:52Z</time><speed>0.420</speed><sat>26</sat></trkpt>
  <trkpt lat="59.66731833" lon="10.77599184"><ele>143.182</ele><time>2026-08-20T11:34:53Z</time><speed>0.600</speed><sat>26</sat></trkpt>
  <trkpt lat="59.66730680" lon="10.77599405"><ele>142.571</ele><time>2026-08-20T11:34:54Z</time><speed>1.010</speed><sat>26</sat></trkpt>
  <trkpt lat="59.66729422" lon="10.77599769"><ele>141.853</ele><time>2026-08-20T11:34:55Z</time><speed>1.330</speed><sat>27</sat></trkpt>
  <trkpt lat="59.66728242" lon="10.77600269"><ele>141.860</ele><time>2026-08-20T11:34:56Z</time><speed>1.240</speed><sat>27</sat></trkpt>
  <trkpt lat="59.66726839" lon="10.77600457"><ele>141.280</ele><time>2026-08-20T11:34:57Z</time><speed>1.420</speed><sat>27</sat></trkpt>
  <trkpt lat="59.66725326" lon="10.77600306"><ele>140.899</ele><time>2026-08-20T11:34:58Z</time><speed>1.350</speed><sat>27</sat></trkpt>
  <trkpt lat="59.66723926" lon="10.77600586"><ele>141.010</ele><time>2026-08-20T11:34:59Z</time><speed>1.370</speed><sat>27</sat></trkpt>
  <trkpt lat="59.66722784" lon="10.77600648"><ele>140.539</ele><time>2026-08-20T11:35:00Z</time><speed>1.290</speed><sat>27</sat></trkpt>
  <trkpt lat="59.66721836" lon="10.77600786"><ele>140.649</ele><time>2026-08-20T11:35:01Z</time><speed>1.170</speed><sat>26</sat></trkpt>
  <trkpt lat="59.66720526" lon="10.77600955"><ele>140.283</ele><time>2026-08-20T11:35:02Z</time><speed>1.330</speed><sat>25</sat></trkpt>
  <trkpt lat="59.66719377" lon="10.77601395"><ele>140.207</ele><time>2026-08-20T11:35:03Z</time><speed>1.250</speed><sat>25</sat></trkpt>
  <trkpt lat="59.66718180" lon="10.77601727"><ele>139.681</ele><time>2026-08-20T11:35:04Z</time><speed>1.250</speed><sat>26</sat></trkpt>
  <trkpt lat="59.66717192" lon="10.77602385"><ele>140.094</ele><time>2026-08-20T11:35:05Z</time><speed>1.200</speed><sat>26</sat></trkpt>
  <trkpt lat="59.66716742" lon="10.77602617"><ele>140.482</ele><time>2026-08-20T11:35:06Z</time><speed>0.460</speed><sat>26</sat></trkpt>
  <trkpt lat="59.66715906" lon="10.77602596"><ele>140.738</ele><time>2026-08-20T11:35:07Z</time><speed>1.160</speed><sat>26</sat></trkpt>
  <trkpt lat="59.66714630" lon="10.77603462"><ele>140.649</ele><time>2026-08-20T11:35:08Z</time><speed>1.330</speed><sat>26</sat></trkpt>
  <trkpt lat="59.66713216" lon="10.77604497"><ele>140.704</ele><time>2026-08-20T11:35:09Z</time><speed>1.300</speed><sat>26</sat></trkpt>
  <trkpt lat="59.66712010" lon="10.77605169"><ele>141.041</ele><time>2026-08-20T11:35:10Z</time><speed>1.240</speed><sat>26</sat></trkpt>
  <trkpt lat="59.66710977" lon="10.77605713"><ele>141.373</ele><time>2026-08-20T11:35:11Z</time><speed>1.140</speed><sat>26</sat></trkpt>
  <trkpt lat="59.66709787" lon="10.77606264"><ele>141.055</ele><time>2026-08-20T11:35:12Z</time><speed>1.220</speed><sat>26</sat></trkpt>
  <trkpt lat="59.66708729" lon="10.77607364"><ele>141.401</ele><time>2026-08-20T11:35:13Z</time><speed>1.240</speed><sat>25</sat></trkpt>
  <trkpt lat="59.66707907" lon="10.77608253"><ele>141.282</ele><time>2026-08-20T11:35:14Z</time><speed>0.810</speed><sat>25</sat></trkpt>
  <trkpt lat="59.66706821" lon="10.77608625"><ele>141.517</ele><time>2026-08-20T11:35:15Z</time><speed>1.030</speed><sat>25</sat></trkpt>
  <trkpt lat="59.66705643" lon="10.77608697"><ele>141.830</ele><time>2026-08-20T11:35:16Z</time><speed>1.060</speed><sat>24</sat></trkpt>
  <trkpt lat="59.66704254" lon="10.77608771"><ele>141.606</ele><time>2026-08-20T11:35:17Z</time><speed>1.290</speed><sat>25</sat></trkpt>
  <trkpt lat="59.66702861" lon="10.77609168"><ele>141.482</ele><time>2026-08-20T11:35:18Z</time><speed>1.250</speed><sat>26</sat></trkpt>
  <trkpt lat="59.66701585" lon="10.77609595"><ele>142.290</ele><time>2026-08-20T11:35:19Z</time><speed>1.270</speed><sat>26</sat></trkpt>
  <trkpt lat="59.66700024" lon="10.77609973"><ele>142.251</ele><time>2026-08-20T11:35:20Z</time><speed>1.420</speed><sat>26</sat></trkpt>
  <trkpt lat="59.66699127" lon="10.77610306"><ele>143.367</ele><time>2026-08-20T11:35:21Z</time><speed>0.740</speed><sat>26</sat></trkpt>
  <trkpt lat="59.66697511" lon="10.77610551"><ele>143.345</ele><time>2026-08-20T11:35:22Z</time><speed>1.690</speed><sat>26</sat></trkpt>
  <trkpt lat="59.66695708" lon="10.77610848"><ele>143.462</ele><time>2026-08-20T11:35:23Z</time><speed>1.600</speed><sat>25</sat></trkpt>
  <trkpt lat="59.66694090" lon="10.77611533"><ele>143.428</ele><time>2026-08-20T11:35:24Z</time><speed>1.590</speed><sat>24</sat></trkpt>
  <trkpt lat="59.66692367" lon="10.77612118"><ele>143.302</ele><time>2026-08-20T11:35:25Z</time><speed>1.640</speed><sat>26</sat></trkpt>
  <trkpt lat="59.66690673" lon="10.77612628"><ele>143.297</ele><time>2026-08-20T11:35:26Z</time><speed>1.600</speed><sat>26</sat></trkpt>
  <trkpt lat="59.66689013" lon="10.77613149"><ele>143.413</ele><time>2026-08-20T11:35:27Z</time><speed>1.650</speed><sat>26</sat></trkpt>
  <trkpt lat="59.66687404" lon="10.77613652"><ele>143.391</ele><time>2026-08-20T11:35:28Z</time><speed>1.650</speed><sat>26</sat></trkpt>
  <trkpt lat="59.66685730" lon="10.77613902"><ele>143.396</ele><time>2026-08-20T11:35:29Z</time><speed>1.620</speed><sat>25</sat></trkpt>
  <trkpt lat="59.66684327" lon="10.77613549"><ele>144.131</ele><time>2026-08-20T11:35:30Z</time><speed>1.600</speed><sat>25</sat></trkpt>
  <trkpt lat="59.66682863" lon="10.77613018"><ele>144.379</ele><time>2026-08-20T11:35:31Z</time><speed>1.440</speed><sat>24</sat></trkpt>
  <trkpt lat="59.66681211" lon="10.77612862"><ele>144.291</ele><time>2026-08-20T11:35:32Z</time><speed>1.660</speed><sat>26</sat></trkpt>
  <trkpt lat="59.66679644" lon="10.77612805"><ele>145.159</ele><time>2026-08-20T11:35:33Z</time><speed>1.680</speed><sat>24</sat></trkpt>
  <trkpt lat="59.66678155" lon="10.77613216"><ele>144.653</ele><time>2026-08-20T11:35:34Z</time><speed>1.610</speed><sat>24</sat></trkpt>
  <trkpt lat="59.66676687" lon="10.77613292"><ele>143.749</ele><time>2026-08-20T11:35:35Z</time><speed>1.620</speed><sat>25</sat></trkpt>
  <trkpt lat="59.66675274" lon="10.77613150"><ele>144.098</ele><time>2026-08-20T11:35:36Z</time><speed>1.660</speed><sat>26</sat></trkpt>
  <trkpt lat="59.66673871" lon="10.77613269"><ele>143.842</ele><time>2026-08-20T11:35:37Z</time><speed>1.630</speed><sat>27</sat></trkpt>
  <trkpt lat="59.66672412" lon="10.77613126"><ele>143.780</ele><time>2026-08-20T11:35:38Z</time><speed>1.660</speed><sat>27</sat></trkpt>
  <trkpt lat="59.66671069" lon="10.77612347"><ele>143.951</ele><time>2026-08-20T11:35:39Z</time><speed>1.600</speed><sat>27</sat></trkpt>
  <trkpt lat="59.66669854" lon="10.77611721"><ele>143.930</ele><time>2026-08-20T11:35:40Z</time><speed>1.530</speed><sat>27</sat></trkpt>
  <trkpt lat="59.66668679" lon="10.77611480"><ele>143.656</ele><time>2026-08-20T11:35:41Z</time><speed>1.560</speed><sat>26</sat></trkpt>
  <trkpt lat="59.66667531" lon="10.77610878"><ele>142.914</ele><time>2026-08-20T11:35:42Z</time><speed>1.500</speed><sat>25</sat></trkpt>
  <trkpt lat="59.66666292" lon="10.77610447"><ele>143.183</ele><time>2026-08-20T11:35:43Z</time><speed>1.520</speed><sat>25</sat></trkpt>
  <trkpt lat="59.66665211" lon="10.77610112"><ele>142.515</ele><time>2026-08-20T11:35:44Z</time><speed>1.320</speed><sat>25</sat></trkpt>
  <trkpt lat="59.66664205" lon="10.77609977"><ele>143.213</ele><time>2026-08-20T11:35:45Z</time><speed>1.320</speed><sat>25</sat></trkpt>
  <trkpt lat="59.66664056" lon="10.77609832"><ele>143.033</ele><time>2026-08-20T11:35:46Z</time><speed>0.000</speed><sat>26</sat></trkpt>
  <trkpt lat="59.66664257" lon="10.77609746"><ele>142.652</ele><time>2026-08-20T11:35:47Z</time><speed>0.000</speed><sat>26</sat></trkpt>
  <trkpt lat="59.66664311" lon="10.77609710"><ele>142.742</ele><time>2026-08-20T11:35:48Z</time><speed>0.000</speed><sat>26</sat></trkpt>
  <trkpt lat="59.66664325" lon="10.77609697"><ele>142.743</ele><time>2026-08-20T11:35:49Z</time><speed>0.000</speed><sat>26</sat></trkpt>
  <trkpt lat="59.66664328" lon="10.77609692"><ele>142.744</ele><time>2026-08-20T11:35:50Z</time><speed>0.000</speed><sat>26</sat></trkpt>
  <trkpt lat="59.66664328" lon="10.77609690"><ele>142.744</ele><time>2026-08-20T11:35:51Z</time><speed>0.000</speed><sat>26</sat></trkpt>
  <trkpt lat="59.66664326" lon="10.77609687"><ele>142.744</ele><time>2026-08-20T11:35:52Z</time><speed>0.000</speed><sat>25</sat></trkpt>
  <trkpt lat="59.66664326" lon="10.77609684"><ele>142.744</ele><time>2026-08-20T11:35:53Z</time><speed>0.000</speed><sat>26</sat></trkpt>
  <trkpt lat="59.66664168" lon="10.77610327"><ele>142.628</ele><time>2026-08-20T11:35:54Z</time><speed>0.480</speed><sat>26</sat></trkpt>
  <trkpt lat="59.66664077" lon="10.77610345"><ele>142.636</ele><time>2026-08-20T11:35:55Z</time><speed>0.000</speed><sat>27</sat></trkpt>
  <trkpt lat="59.66664056" lon="10.77610335"><ele>142.640</ele><time>2026-08-20T11:35:56Z</time><speed>0.000</speed><sat>27</sat></trkpt>
  <trkpt lat="59.66664047" lon="10.77610350"><ele>142.642</ele><time>2026-08-20T11:35:57Z</time><speed>0.000</speed><sat>27</sat></trkpt>
  <trkpt lat="59.66664018" lon="10.77610567"><ele>142.776</ele><time>2026-08-20T11:35:58Z</time><speed>0.180</speed><sat>27</sat></trkpt>
  <trkpt lat="59.66664009" lon="10.77610532"><ele>142.793</ele><time>2026-08-20T11:35:59Z</time><speed>0.000</speed><sat>27</sat></trkpt>
  <trkpt lat="59.66664010" lon="10.77610520"><ele>142.796</ele><time>2026-08-20T11:36:00Z</time><speed>0.000</speed><sat>27</sat></trkpt>
  <trkpt lat="59.66664007" lon="10.77610519"><ele>142.797</ele><time>2026-08-20T11:36:01Z</time><speed>0.000</speed><sat>26</sat></trkpt>
  <trkpt lat="59.66664006" lon="10.77610515"><ele>142.798</ele><time>2026-08-20T11:36:02Z</time><speed>0.000</speed><sat>26</sat></trkpt>
  <trkpt lat="59.66664005" lon="10.77610520"><ele>142.796</ele><time>2026-08-20T11:36:03Z</time><speed>0.000</speed><sat>26</sat></trkpt>
  <trkpt lat="59.66664003" lon="10.77610523"><ele>142.796</ele><time>2026-08-20T11:36:04Z</time><speed>0.000</speed><sat>25</sat></trkpt>
  <trkpt lat="59.66664001" lon="10.77610523"><ele>142.797</ele><time>2026-08-20T11:36:05Z</time><speed>0.000</speed><sat>25</sat></trkpt>
  <trkpt lat="59.66664001" lon="10.77610524"><ele>142.795</ele><time>2026-08-20T11:36:06Z</time><speed>0.000</speed><sat>26</sat></trkpt>
  <trkpt lat="59.66664003" lon="10.77610523"><ele>142.798</ele><time>2026-08-20T11:36:07Z</time><speed>0.000</speed><sat>26</sat></trkpt>
  <trkpt lat="59.66664005" lon="10.77610515"><ele>142.802</ele><time>2026-08-20T11:36:08Z</time><speed>0.000</speed><sat>26</sat></trkpt>
  <trkpt lat="59.66664007" lon="10.77610511"><ele>142.809</ele><time>2026-08-20T11:36:09Z</time><speed>0.000</speed><sat>26</sat></trkpt>
  <trkpt lat="59.66664012" lon="10.77610509"><ele>142.809</ele><time>2026-08-20T11:36:10Z</time><speed>0.000</speed><sat>26</sat></trkpt>
  <trkpt lat="59.66664017" lon="10.77610503"><ele>142.816</ele><time>2026-08-20T11:36:11Z</time><speed>0.000</speed><sat>26</sat></trkpt>
  <trkpt lat="59.66664022" lon="10.77610492"><ele>142.823</ele><time>2026-08-20T11:36:12Z</time><speed>0.000</speed><sat>26</sat></trkpt>
  <trkpt lat="59.66664027" lon="10.77610488"><ele>142.829</ele><time>2026-08-20T11:36:13Z</time><speed>0.000</speed><sat>25</sat></trkpt>
  <trkpt lat="59.66664031" lon="10.77610483"><ele>142.832</ele><time>2026-08-20T11:36:14Z</time><speed>0.000</speed><sat>25</sat></trkpt>
  <trkpt lat="59.66664031" lon="10.77610476"><ele>142.827</ele><time>2026-08-20T11:36:15Z</time><speed>0.000</speed><sat>25</sat></trkpt>
  <trkpt lat="59.66664032" lon="10.77610480"><ele>142.829</ele><time>2026-08-20T11:36:16Z</time><speed>0.000</speed><sat>25</sat></trkpt>
  <trkpt lat="59.66664032" lon="10.77610483"><ele>142.829</ele><time>2026-08-20T11:36:17Z</time><speed>0.000</speed><sat>26</sat></trkpt>
  <trkpt lat="59.66664036" lon="10.77610480"><ele>142.834</ele><time>2026-08-20T11:36:18Z</time><speed>0.000</speed><sat>26</sat></trkpt>
  <trkpt lat="59.66664039" lon="10.77610478"><ele>142.839</ele><time>2026-08-20T11:36:19Z</time><speed>0.000</speed><sat>26</sat></trkpt>
  <trkpt lat="59.66664045" lon="10.77610475"><ele>142.849</ele><time>2026-08-20T11:36:20Z</time><speed>0.000</speed><sat>26</sat></trkpt>
  <trkpt lat="59.66664048" lon="10.77610473"><ele>142.856</ele><time>2026-08-20T11:36:21Z</time><speed>0.000</speed><sat>26</sat></trkpt>
  <trkpt lat="59.66664050" lon="10.77610471"><ele>142.861</ele><time>2026-08-20T11:36:22Z</time><speed>0.000</speed><sat>25</sat></trkpt>
  <trkpt lat="59.66664052" lon="10.77610465"><ele>142.864</ele><time>2026-08-20T11:36:23Z</time><speed>0.000</speed><sat>26</sat></trkpt>
  <trkpt lat="59.66664053" lon="10.77610460"><ele>142.871</ele><time>2026-08-20T11:36:24Z</time><speed>0.000</speed><sat>25</sat></trkpt>
  <trkpt lat="59.66664055" lon="10.77610461"><ele>142.877</ele><time>2026-08-20T11:36:25Z</time><speed>0.000</speed><sat>25</sat></trkpt>
  <trkpt lat="59.66664056" lon="10.77610462"><ele>142.872</ele><time>2026-08-20T11:36:26Z</time><speed>0.000</speed><sat>25</sat></trkpt>
  <trkpt lat="59.66664059" lon="10.77610457"><ele>142.870</ele><time>2026-08-20T11:36:27Z</time><speed>0.000</speed><sat>24</sat></trkpt>
  <trkpt lat="59.66664063" lon="10.77610458"><ele>142.873</ele><time>2026-08-20T11:36:28Z</time><speed>0.000</speed><sat>25</sat></trkpt>
  <trkpt lat="59.66664067" lon="10.77610457"><ele>142.869</ele><time>2026-08-20T11:36:29Z</time><speed>0.000</speed><sat>26</sat></trkpt>
  <trkpt lat="59.66664068" lon="10.77610452"><ele>142.873</ele><time>2026-08-20T11:36:30Z</time><speed>0.000</speed><sat>26</sat></trkpt>
  <trkpt lat="59.66664070" lon="10.77610959"><ele>143.194</ele><time>2026-08-20T11:36:31Z</time><speed>0.330</speed><sat>26</sat></trkpt>
  <trkpt lat="59.66663937" lon="10.77611144"><ele>143.293</ele><time>2026-08-20T11:36:32Z</time><speed>0.000</speed><sat>26</sat></trkpt>
  <trkpt lat="59.66663825" lon="10.77611283"><ele>143.155</ele><time>2026-08-20T11:36:33Z</time><speed>0.000</speed><sat>26</sat></trkpt>
  <trkpt lat="59.66663746" lon="10.77611270"><ele>143.156</ele><time>2026-08-20T11:36:34Z</time><speed>0.000</speed><sat>25</sat></trkpt>
  <trkpt lat="59.66663863" lon="10.77610935"><ele>142.672</ele><time>2026-08-20T11:36:35Z</time><speed>0.170</speed><sat>25</sat></trkpt>
  <trkpt lat="59.66663953" lon="10.77610886"><ele>142.144</ele><time>2026-08-20T11:36:36Z</time><speed>0.000</speed><sat>26</sat></trkpt>
  <trkpt lat="59.66664239" lon="10.77610840"><ele>142.151</ele><time>2026-08-20T11:36:37Z</time><speed>0.000</speed><sat>27</sat></trkpt>
  <trkpt lat="59.66664309" lon="10.77610822"><ele>142.115</ele><time>2026-08-20T11:36:38Z</time><speed>0.000</speed><sat>27</sat></trkpt>
  <trkpt lat="59.66664325" lon="10.77610817"><ele>142.115</ele><time>2026-08-20T11:36:39Z</time><speed>0.000</speed><sat>26</sat></trkpt>
  <trkpt lat="59.66664027" lon="10.77611164"><ele>142.072</ele><time>2026-08-20T11:36:40Z</time><speed>0.430</speed><sat>26</sat></trkpt>
  <trkpt lat="59.66664118" lon="10.77611365"><ele>142.322</ele><time>2026-08-20T11:36:41Z</time><speed>0.000</speed><sat>26</sat></trkpt>
  <trkpt lat="59.66664163" lon="10.77611506"><ele>142.305</ele><time>2026-08-20T11:36:42Z</time><speed>0.000</speed><sat>26</sat></trkpt>
  <trkpt lat="59.66664188" lon="10.77611564"><ele>142.311</ele><time>2026-08-20T11:36:43Z</time><speed>0.000</speed><sat>26</sat></trkpt>
  <trkpt lat="59.66664200" lon="10.77611579"><ele>142.313</ele><time>2026-08-20T11:36:44Z</time><speed>0.000</speed><sat>26</sat></trkpt>
  <trkpt lat="59.66664177" lon="10.77613096"><ele>142.538</ele><time>2026-08-20T11:36:45Z</time><speed>0.850</speed><sat>27</sat></trkpt>
  <trkpt lat="59.66664383" lon="10.77614622"><ele>142.036</ele><time>2026-08-20T11:36:46Z</time><speed>0.870</speed><sat>28</sat></trkpt>
  <trkpt lat="59.66664624" lon="10.77616529"><ele>141.955</ele><time>2026-08-20T11:36:47Z</time><speed>1.090</speed><sat>28</sat></trkpt>
  <trkpt lat="59.66664769" lon="10.77618629"><ele>142.260</ele><time>2026-08-20T11:36:48Z</time><speed>1.250</speed><sat>28</sat></trkpt>
  <trkpt lat="59.66664886" lon="10.77620651"><ele>142.586</ele><time>2026-08-20T11:36:49Z</time><speed>1.180</speed><sat>28</sat></trkpt>
  <trkpt lat="59.66664980" lon="10.77622759"><ele>143.135</ele><time>2026-08-20T11:36:50Z</time><speed>1.160</speed><sat>28</sat></trkpt>
  <trkpt lat="59.66665129" lon="10.77625318"><ele>143.278</ele><time>2026-08-20T11:36:51Z</time><speed>1.300</speed><sat>28</sat></trkpt>
  <trkpt lat="59.66665272" lon="10.77628114"><ele>142.838</ele><time>2026-08-20T11:36:52Z</time><speed>1.360</speed><sat>28</sat></trkpt>
  <trkpt lat="59.66665225" lon="10.77630815"><ele>143.220</ele><time>2026-08-20T11:36:53Z</time><speed>1.260</speed><sat>27</sat></trkpt>
  <trkpt lat="59.66664939" lon="10.77633209"><ele>143.076</ele><time>2026-08-20T11:36:54Z</time><speed>1.380</speed><sat>27</sat></trkpt>
  <trkpt lat="59.66664569" lon="10.77636028"><ele>143.366</ele><time>2026-08-20T11:36:55Z</time><speed>1.560</speed><sat>28</sat></trkpt>
  <trkpt lat="59.66664351" lon="10.77638587"><ele>143.792</ele><time>2026-08-20T11:36:56Z</time><speed>1.340</speed><sat>28</sat></trkpt>
  <trkpt lat="59.66664070" lon="10.77640889"><ele>143.868</ele><time>2026-08-20T11:36:57Z</time><speed>1.200</speed><sat>28</sat></trkpt>
  <trkpt lat="59.66663733" lon="10.77643182"><ele>144.373</ele><time>2026-08-20T11:36:58Z</time><speed>1.310</speed><sat>28</sat></trkpt>
  <trkpt lat="59.66663284" lon="10.77645496"><ele>144.736</ele><time>2026-08-20T11:36:59Z</time><speed>1.320</speed><sat>28</sat></trkpt>
  <trkpt lat="59.66662799" lon="10.77647718"><ele>145.067</ele><time>2026-08-20T11:37:00Z</time><speed>1.320</speed><sat>28</sat></trkpt>
  <trkpt lat="59.66662455" lon="10.77650041"><ele>145.040</ele><time>2026-08-20T11:37:01Z</time><speed>1.360</speed><sat>27</sat></trkpt>
  <trkpt lat="59.66662471" lon="10.77652736"><ele>145.254</ele><time>2026-08-20T11:37:02Z</time><speed>1.480</speed><sat>26</sat></trkpt>
  <trkpt lat="59.66662411" lon="10.77655364"><ele>145.267</ele><time>2026-08-20T11:37:03Z</time><speed>1.500</speed><sat>26</sat></trkpt>
  <trkpt lat="59.66662102" lon="10.77657900"><ele>145.768</ele><time>2026-08-20T11:37:04Z</time><speed>1.470</speed><sat>26</sat></trkpt>
  <trkpt lat="59.66661783" lon="10.77660290"><ele>145.139</ele><time>2026-08-20T11:37:05Z</time><speed>1.370</speed><sat>26</sat></trkpt>
  <trkpt lat="59.66661717" lon="10.77662885"><ele>145.454</ele><time>2026-08-20T11:37:06Z</time><speed>1.330</speed><sat>26</sat></trkpt>
  <trkpt lat="59.66661589" lon="10.77664868"><ele>144.836</ele><time>2026-08-20T11:37:07Z</time><speed>1.250</speed><sat>25</sat></trkpt>
  <trkpt lat="59.66661325" lon="10.77666221"><ele>144.931</ele><time>2026-08-20T11:37:08Z</time><speed>0.800</speed><sat>25</sat></trkpt>
  <trkpt lat="59.66660805" lon="10.77666957"><ele>143.702</ele><time>2026-08-20T11:37:09Z</time><speed>0.440</speed><sat>25</sat></trkpt>
  <trkpt lat="59.66659332" lon="10.77668278"><ele>141.904</ele><time>2026-08-20T11:37:10Z</time><speed>1.030</speed><sat>24</sat></trkpt>
  <trkpt lat="59.66657714" lon="10.77669521"><ele>141.553</ele><time>2026-08-20T11:37:11Z</time><speed>1.310</speed><sat>24</sat></trkpt>
  <trkpt lat="59.66655934" lon="10.77670889"><ele>141.356</ele><time>2026-08-20T11:37:12Z</time><speed>1.600</speed><sat>23</sat></trkpt>
  <trkpt lat="59.66654129" lon="10.77672590"><ele>140.653</ele><time>2026-08-20T11:37:13Z</time><speed>1.490</speed><sat>23</sat></trkpt>
  <trkpt lat="59.66652334" lon="10.77674340"><ele>139.875</ele><time>2026-08-20T11:37:14Z</time><speed>1.430</speed><sat>24</sat></trkpt>
  <trkpt lat="59.66650688" lon="10.77675725"><ele>140.091</ele><time>2026-08-20T11:37:15Z</time><speed>1.470</speed><sat>24</sat></trkpt>
  <trkpt lat="59.66648924" lon="10.77677391"><ele>139.852</ele><time>2026-08-20T11:37:16Z</time><speed>1.520</speed><sat>24</sat></trkpt>
  <trkpt lat="59.66647100" lon="10.77679550"><ele>140.099</ele><time>2026-08-20T11:37:17Z</time><speed>1.700</speed><sat>26</sat></trkpt>
  <trkpt lat="59.66645416" lon="10.77681439"><ele>140.770</ele><time>2026-08-20T11:37:18Z</time><speed>1.550</speed><sat>26</sat></trkpt>
  <trkpt lat="59.66643695" lon="10.77683094"><ele>140.861</ele><time>2026-08-20T11:37:19Z</time><speed>1.550</speed><sat>26</sat></trkpt>
  <trkpt lat="59.66641989" lon="10.77684774"><ele>140.686</ele><time>2026-08-20T11:37:20Z</time><speed>1.670</speed><sat>26</sat></trkpt>
  <trkpt lat="59.66640229" lon="10.77686152"><ele>140.443</ele><time>2026-08-20T11:37:21Z</time><speed>1.690</speed><sat>26</sat></trkpt>
  <trkpt lat="59.66638681" lon="10.77687667"><ele>140.820</ele><time>2026-08-20T11:37:22Z</time><speed>1.570</speed><sat>27</sat></trkpt>
  <trkpt lat="59.66637323" lon="10.77689184"><ele>140.684</ele><time>2026-08-20T11:37:23Z</time><speed>1.530</speed><sat>27</sat></trkpt>
  <trkpt lat="59.66635965" lon="10.77690413"><ele>140.644</ele><time>2026-08-20T11:37:24Z</time><speed>1.590</speed><sat>27</sat></trkpt>
  <trkpt lat="59.66634605" lon="10.77691601"><ele>140.539</ele><time>2026-08-20T11:37:25Z</time><speed>1.530</speed><sat>27</sat></trkpt>
  <trkpt lat="59.66633249" lon="10.77693301"><ele>140.262</ele><time>2026-08-20T11:37:26Z</time><speed>1.650</speed><sat>27</sat></trkpt>
  <trkpt lat="59.66632033" lon="10.77695055"><ele>140.245</ele><time>2026-08-20T11:37:27Z</time><speed>1.550</speed><sat>27</sat></trkpt>
  <trkpt lat="59.66630861" lon="10.77696781"><ele>140.149</ele><time>2026-08-20T11:37:28Z</time><speed>1.620</speed><sat>27</sat></trkpt>
  <trkpt lat="59.66629556" lon="10.77698552"><ele>139.804</ele><time>2026-08-20T11:37:29Z</time><speed>1.630</speed><sat>27</sat></trkpt>
  <trkpt lat="59.66628344" lon="10.77700563"><ele>139.941</ele><time>2026-08-20T11:37:30Z</time><speed>1.620</speed><sat>28</sat></trkpt>
  <trkpt lat="59.66627504" lon="10.77701802"><ele>139.842</ele><time>2026-08-20T11:37:31Z</time><speed>1.060</speed><sat>27</sat></trkpt>
  <trkpt lat="59.66626858" lon="10.77702684"><ele>139.987</ele><time>2026-08-20T11:37:32Z</time><speed>0.780</speed><sat>27</sat></trkpt>
  <trkpt lat="59.66626796" lon="10.77702638"><ele>139.983</ele><time>2026-08-20T11:37:33Z</time><speed>0.000</speed><sat>27</sat></trkpt>
  <trkpt lat="59.66626252" lon="10.77703507"><ele>139.813</ele><time>2026-08-20T11:37:34Z</time><speed>0.790</speed><sat>27</sat></trkpt>
  <trkpt lat="59.66625431" lon="10.77705083"><ele>139.155</ele><time>2026-08-20T11:37:35Z</time><speed>1.310</speed><sat>28</sat></trkpt>
  <trkpt lat="59.66624572" lon="10.77706874"><ele>139.431</ele><time>2026-08-20T11:37:36Z</time><speed>1.390</speed><sat>27</sat></trkpt>
  <trkpt lat="59.66623938" lon="10.77707941"><ele>139.525</ele><time>2026-08-20T11:37:37Z</time><speed>1.000</speed><sat>27</sat></trkpt>
  <trkpt lat="59.66623100" lon="10.77709268"><ele>139.411</ele><time>2026-08-20T11:37:38Z</time><speed>1.340</speed><sat>27</sat></trkpt>
  <trkpt lat="59.66622275" lon="10.77710765"><ele>139.506</ele><time>2026-08-20T11:37:39Z</time><speed>1.380</speed><sat>27</sat></trkpt>
  <trkpt lat="59.66621204" lon="10.77712680"><ele>138.967</ele><time>2026-08-20T11:37:40Z</time><speed>1.420</speed><sat>27</sat></trkpt>
  <trkpt lat="59.66620225" lon="10.77714566"><ele>138.862</ele><time>2026-08-20T11:37:41Z</time><speed>1.400</speed><sat>28</sat></trkpt>
  <trkpt lat="59.66619501" lon="10.77715955"><ele>138.530</ele><time>2026-08-20T11:37:42Z</time><speed>1.120</speed><sat>28</sat></trkpt>
  <trkpt lat="59.66619140" lon="10.77716162"><ele>138.331</ele><time>2026-08-20T11:37:43Z</time><speed>0.420</speed><sat>28</sat></trkpt>
  <trkpt lat="59.66618970" lon="10.77716347"><ele>138.202</ele><time>2026-08-20T11:37:44Z</time><speed>0.350</speed><sat>28</sat></trkpt>
  <trkpt lat="59.66619095" lon="10.77716043"><ele>138.184</ele><time>2026-08-20T11:37:45Z</time><speed>0.000</speed><sat>28</sat></trkpt>
 </trkseg>
</trk>

</gpx>
 